image_name,predicted_pdl_pattern_score,predicted_pdl_pattern_label,prediction_confidence_margin,fracture_risk_score,fracture_risk_label,fracture_risk_explanation
frac01,3,Irregular localized widening,0.1181863108853957,2,High,The PDL width profile shows irregular localized widening and increased asymmetry or variation. This pattern is mapped to a high hidden root fracture risk.
frac02,3,Irregular localized widening,0.376363181328015,2,High,The PDL width profile shows irregular localized widening and increased asymmetry or variation. This pattern is mapped to a high hidden root fracture risk.
frac03,3,Irregular localized widening,0.0842152836279265,2,High,The PDL width profile shows irregular localized widening and increased asymmetry or variation. This pattern is mapped to a high hidden root fracture risk.
frac04,1,Uniform widening,0.0060676000433738,0,Low,"The PDL width profile is relatively uniform, with no strong persistent unilateral widening or marked irregular localized variation. This pattern is therefore mapped to a low hidden root fracture risk."
frac05,3,Irregular localized widening,0.0580379822692559,2,High,The PDL width profile shows irregular localized widening and increased asymmetry or variation. This pattern is mapped to a high hidden root fracture risk.
frac06,1,Uniform widening,0.0919849063448641,0,Low,"The PDL width profile is relatively uniform, with no strong persistent unilateral widening or marked irregular localized variation. This pattern is therefore mapped to a low hidden root fracture risk."
frac07,1,Uniform widening,0.0072380208524629,0,Low,"The PDL width profile is relatively uniform, with no strong persistent unilateral widening or marked irregular localized variation. This pattern is therefore mapped to a low hidden root fracture risk."
frac08,1,Uniform widening,0.2991947603037904,0,Low,"The PDL width profile is relatively uniform, with no strong persistent unilateral widening or marked irregular localized variation. This pattern is therefore mapped to a low hidden root fracture risk."
frac09,1,Uniform widening,0.5545422412463993,0,Low,"The PDL width profile is relatively uniform, with no strong persistent unilateral widening or marked irregular localized variation. This pattern is therefore mapped to a low hidden root fracture risk."
frac10,2,Side-dominant widening,0.3539558503807205,1,Moderate,The PDL width profile shows persistent widening predominantly on one side of the root. This pattern is mapped to a moderate hidden root fracture risk.
frac11,1,Uniform widening,0.531183444181851,0,Low,"The PDL width profile is relatively uniform, with no strong persistent unilateral widening or marked irregular localized variation. This pattern is therefore mapped to a low hidden root fracture risk."
frac12,3,Irregular localized widening,0.2654311117101549,2,High,The PDL width profile shows irregular localized widening and increased asymmetry or variation. This pattern is mapped to a high hidden root fracture risk.
frac13,3,Irregular localized widening,0.2754954130173114,2,High,The PDL width profile shows irregular localized widening and increased asymmetry or variation. This pattern is mapped to a high hidden root fracture risk.
frac14,3,Irregular localized widening,0.2086531547444836,2,High,The PDL width profile shows irregular localized widening and increased asymmetry or variation. This pattern is mapped to a high hidden root fracture risk.
frac15,3,Irregular localized widening,0.1717299218207406,2,High,The PDL width profile shows irregular localized widening and increased asymmetry or variation. This pattern is mapped to a high hidden root fracture risk.
frac16,1,Uniform widening,0.0142728958670159,0,Low,"The PDL width profile is relatively uniform, with no strong persistent unilateral widening or marked irregular localized variation. This pattern is therefore mapped to a low hidden root fracture risk."
frac17,1,Uniform widening,0.39518245608848,0,Low,"The PDL width profile is relatively uniform, with no strong persistent unilateral widening or marked irregular localized variation. This pattern is therefore mapped to a low hidden root fracture risk."
frac18,2,Side-dominant widening,0.2496792935449881,1,Moderate,The PDL width profile shows persistent widening predominantly on one side of the root. This pattern is mapped to a moderate hidden root fracture risk.
frac19,3,Irregular localized widening,0.7486065622600386,2,High,The PDL width profile shows irregular localized widening and increased asymmetry or variation. This pattern is mapped to a high hidden root fracture risk.
frac20,2,Side-dominant widening,0.0574728844688591,1,Moderate,The PDL width profile shows persistent widening predominantly on one side of the root. This pattern is mapped to a moderate hidden root fracture risk.
frac21,2,Side-dominant widening,0.3768856116629058,1,Moderate,The PDL width profile shows persistent widening predominantly on one side of the root. This pattern is mapped to a moderate hidden root fracture risk.
frac22,1,Uniform widening,0.5561757508485234,0,Low,"The PDL width profile is relatively uniform, with no strong persistent unilateral widening or marked irregular localized variation. This pattern is therefore mapped to a low hidden root fracture risk."
frac23,2,Side-dominant widening,0.3802500059618795,1,Moderate,The PDL width profile shows persistent widening predominantly on one side of the root. This pattern is mapped to a moderate hidden root fracture risk.
frac24,3,Irregular localized widening,0.1537691528092907,2,High,The PDL width profile shows irregular localized widening and increased asymmetry or variation. This pattern is mapped to a high hidden root fracture risk.
frac25,3,Irregular localized widening,0.085819358639882,2,High,The PDL width profile shows irregular localized widening and increased asymmetry or variation. This pattern is mapped to a high hidden root fracture risk.
frac26,3,Irregular localized widening,0.2832062540324976,2,High,The PDL width profile shows irregular localized widening and increased asymmetry or variation. This pattern is mapped to a high hidden root fracture risk.
frac27,3,Irregular localized widening,0.7424766210663075,2,High,The PDL width profile shows irregular localized widening and increased asymmetry or variation. This pattern is mapped to a high hidden root fracture risk.
frac28,3,Irregular localized widening,0.4041795782447252,2,High,The PDL width profile shows irregular localized widening and increased asymmetry or variation. This pattern is mapped to a high hidden root fracture risk.
frac29,3,Irregular localized widening,0.5302265034418934,2,High,The PDL width profile shows irregular localized widening and increased asymmetry or variation. This pattern is mapped to a high hidden root fracture risk.
frac30,1,Uniform widening,0.0499770565083241,0,Low,"The PDL width profile is relatively uniform, with no strong persistent unilateral widening or marked irregular localized variation. This pattern is therefore mapped to a low hidden root fracture risk."
frac31,3,Irregular localized widening,0.3965198811611137,2,High,The PDL width profile shows irregular localized widening and increased asymmetry or variation. This pattern is mapped to a high hidden root fracture risk.
frac32,2,Side-dominant widening,0.4359585438572142,1,Moderate,The PDL width profile shows persistent widening predominantly on one side of the root. This pattern is mapped to a moderate hidden root fracture risk.
frac33,1,Uniform widening,0.2722860352709164,0,Low,"The PDL width profile is relatively uniform, with no strong persistent unilateral widening or marked irregular localized variation. This pattern is therefore mapped to a low hidden root fracture risk."
frac34,3,Irregular localized widening,0.3584028821138612,2,High,The PDL width profile shows irregular localized widening and increased asymmetry or variation. This pattern is mapped to a high hidden root fracture risk.
