Image ID,Contour Area,Contour Perimeter
lesion_mask_L10_clahe_sigmoid,22609.5,1372.31
lesion_mask_L11_clahe_sigmoid,16678.0,987.13
lesion_mask_L12_clahe_sigmoid,27494.5,1470.93
lesion_mask_L13_clahe_sigmoid,12476.0,1227.29
lesion_mask_L15_clahe_sigmoid,30704.0,1645.06
lesion_mask_L16_clahe_sigmoid,19269.5,1227.68
lesion_mask_L17_clahe_sigmoid,7008.5,786.66
lesion_mask_L18_clahe_sigmoid,18228.0,963.61
lesion_mask_L19_clahe_sigmoid,6496.5,605.4
lesion_mask_L1_clahe_sigmoid,55013.5,2073.95
lesion_mask_L20_clahe_sigmoid,9320.5,647.89
lesion_mask_L21_clahe_sigmoid,29324.5,2248.66
lesion_mask_L22_clahe_sigmoid,43526.0,1860.03
lesion_mask_L23_clahe_sigmoid,18403.0,1309.23
lesion_mask_L24_clahe_sigmoid,18468.0,2184.08
lesion_mask_L25_clahe_sigmoid,13872.0,1366.69
lesion_mask_L26_clahe_sigmoid,3024.5,547.81
lesion_mask_L27_clahe_sigmoid,7444.0,574.96
lesion_mask_L28_clahe_sigmoid,15781.0,693.79
lesion_mask_L29_clahe_sigmoid,46614.5,2166.6
lesion_mask_L2_clahe_sigmoid,33611.0,2375.82
lesion_mask_L30_clahe_sigmoid,17826.5,1734.47
lesion_mask_L31_clahe_sigmoid,18211.0,1653.03
lesion_mask_L3_clahe_sigmoid,18664.5,887.63
lesion_mask_L4_clahe_sigmoid,6775.0,1097.21
lesion_mask_L5_clahe_sigmoid,18990.5,1387.62
lesion_mask_L6_clahe_sigmoid,15479.5,821.69
lesion_mask_L7_clahe_sigmoid,66915.5,2590.86
lesion_mask_L8_clahe_sigmoid,41307.0,2546.91
lesion_mask_L9_clahe_sigmoid,34852.5,1816.58
