num_profile_rows,valid_pdl_row_count,valid_pdl_row_percent,root_area_px,pdl_area_px,pdl_root_area_ratio,root_height_px,root_mean_width_px,mean_left_width_px,mean_right_width_px,mean_total_width_px,max_left_width_px,max_right_width_px,max_total_width_px,p90_total_width_px,p95_total_width_px,median_total_width_px,width_std_px,width_cv,mean_asymmetry_px,max_asymmetry_px,asymmetry_ratio,side_difference_px,side_dominance_ratio,dominant_side,side_consistency,localized_width_threshold_px,localized_widening_row_count,localized_widening_percent,longest_localized_run_ratio,localized_asymmetry_threshold_px,localized_asymmetry_row_count,localized_asymmetry_percent,max_to_mean_width_ratio,p95_to_median_width_ratio,coronal_mean_width_px,middle_mean_width_px,apical_mean_width_px,apical_to_coronal_width_ratio,left_continuity_percent,right_continuity_percent,total_continuity_percent,total_longest_run_ratio,irregularity_index,pdl_pattern_score_rule,pdl_pattern_label_rule,fracture_probability_score_rule,fracture_probability_label_rule,rct_success_score_rule,rct_success_label_rule,file_name,image_name,upscale_factor,dentist_pdl_pattern_score,dentist_fracture_probability_score,dentist_rct_success_score
896,859,95.87053571428572,30633.0,20468.75,0.6681927986158718,448.0,70.59204864501953,17.98661231994629,20.461584091186523,38.44819641113281,24.0,24.0,48.0,48.0,48.0,42.0,9.966354370117188,0.2592151336188917,7.8300347328186035,24.0,0.2036515484131107,2.4749717712402344,0.0643715961283322,BALANCED,0.0,77.25,0,0.0,0.0,43.75,0,0.0,1.2484330730817177,1.1428571428571428,39.68896484375,32.47658920288086,38.421142578125,0.9680560510807918,77.56696428571429,89.17410714285714,95.87053571428572,0.5892857142857143,0.2443399305651425,1,UNIFORM_WIDENING,1,LOW,1.0,HIGH,frac01.jpg,frac01.jpg,2,3,2,0.5
1424,1391,97.68258426966293,50031.0,27688.25,0.55342187843537,712.0,72.89582824707031,19.67110061645508,18.011503219604492,37.68260192871094,24.0,24.0,48.0,48.0,48.0,43.5,11.60976219177246,0.3080934329783318,5.955068111419678,24.0,0.1580322962486946,1.659597396850586,0.0440414734626822,BALANCED,0.0,67.5,0,0.0,0.0,21.75,72,5.056179775280898,1.2737973903927289,1.103448275862069,43.99263000488281,40.53263092041016,25.87974739074707,0.5882746129948274,90.51966292134831,92.97752808988764,97.68258426966293,0.8764044943820225,0.2688938685196372,1,UNIFORM_WIDENING,1,LOW,1.0,HIGH,frac02.jpg,frac02.jpg,2,2,1,1.0
624,624,100.0,28455.0,14977.25,0.5263486206290634,312.0,94.43782806396484,19.017627716064453,21.774038314819336,40.79166793823242,24.0,24.0,48.0,48.0,48.0,42.0,7.020507335662842,0.1721064053152579,4.794871807098389,24.0,0.1175453726079277,2.756410598754883,0.0675728860073519,BALANCED,0.0,53.25,0,0.0,0.0,16.75,21,3.3653846153846154,1.1767108928392578,1.1428571428571428,43.105262756347656,36.387020111083984,42.88164138793945,0.9948122026381738,96.6346153846154,100.0,100.0,1.0,0.1865384645751812,1,UNIFORM_WIDENING,1,LOW,1.0,HIGH,frac03.jpg,frac03.jpg,2,3,3,0.0
896,875,97.65625,57045.0,23270.5,0.4079323341221842,448.0,130.31983947753906,22.908571243286133,21.65142822265625,44.560001373291016,24.0,24.0,48.0,48.0,48.0,47.5,7.154387950897217,0.1605562776123591,3.076571464538574,24.0,0.0690433431266151,1.2571430206298828,0.0282123661511874,BALANCED,0.0,51.71438932418823,0,0.0,0.0,15.596000480651854,80,8.928571428571429,1.0771992486690294,1.0105263157894735,40.198997497558594,46.52341079711914,43.82550430297852,1.090213861816832,95.08928571428572,91.29464285714286,97.65625,0.9609375,0.1859715773920337,1,UNIFORM_WIDENING,1,LOW,1.0,HIGH,frac04.jpg,frac04.jpg,2,1,2,0.5
512,512,100.0,25368.0,14008.5,0.5522114474929044,256.0,102.45065307617188,21.9677734375,22.626953125,44.5947265625,24.0,24.0,48.0,48.0,48.0,47.5,6.424236297607422,0.1440582058195554,2.9091796875,24.0,0.0652359575166977,0.6591796875,0.0147815613708529,BALANCED,0.0,52.0,0,0.0,0.0,15.608154296874998,33,6.4453125,1.0763604511113545,1.0105263157894735,47.359649658203125,43.77193069458008,42.64117813110352,0.9003693743270264,96.6796875,96.875,100.0,1.0,0.1639521131669299,1,UNIFORM_WIDENING,1,LOW,1.0,HIGH,frac05.jpg,frac05.jpg,2,3,2,0.5
800,771,96.375,26660.0,17452.75,0.6546417854463615,400.0,69.7957992553711,22.20946884155273,16.928014755249023,39.13748550415039,24.0,24.0,48.0,48.0,48.0,41.0,8.667397499084473,0.2214602544704954,7.0116729736328125,24.0,0.1791549171673088,5.281454086303711,0.1349461846017944,LEFT,0.59625,55.25,0,0.0,0.0,22.75,39,4.875,1.2264456794218364,1.170731707317073,44.10861587524414,35.5,33.53195571899414,0.7602132838136477,94.0,88.875,96.375,0.78,0.2455853766428476,1,UNIFORM_WIDENING,1,LOW,1.0,HIGH,frac06.jpg,frac06.jpg,2,1,0,1.0
592,592,100.0,22081.0,15242.5,0.6902993523844029,296.0,78.0146713256836,21.464527130126957,21.26520347595215,42.72972869873047,24.0,24.0,48.0,48.0,48.0,44.5,5.932796001434326,0.1388446915557082,3.0523648262023926,24.0,0.0714342196676076,0.1993236541748047,0.0046647533543412,BALANCED,0.0,56.6875,0,0.0,0.0,14.955405044555665,4,0.6756756756756757,1.1233396855483924,1.0786516853932584,40.19696807861328,41.45685195922852,46.548221588134766,1.1580032975895178,99.32432432432432,100.0,100.0,1.0,0.1340990909580678,1,UNIFORM_WIDENING,1,LOW,1.0,HIGH,frac07.jpg,frac07.jpg,2,1,3,0.0
512,496,96.875,20242.0,11899.0,0.5878371702400949,256.0,82.70618438720703,19.578628540039062,18.65725898742676,38.23588562011719,24.0,24.0,48.0,48.0,48.0,41.0,9.26594066619873,0.2423362376971754,7.231854915618896,24.0,0.1891378948945797,0.9213695526123048,0.024096983545902,BALANCED,0.0,62.75,0,0.0,0.0,20.0625,82,16.015625,1.255365194803951,1.170731707317073,35.48537826538086,35.1315803527832,40.52647018432617,1.1420611013709652,91.40625,83.3984375,96.875,0.59375,0.3228500687027248,1,UNIFORM_WIDENING,1,LOW,1.0,HIGH,frac08.jpg,frac08.jpg,2,3,1,1.0
672,669,99.55357142857144,32001.0,17421.0,0.5443892378363177,336.0,98.71112060546876,22.911060333251957,22.480567932128903,45.39162826538086,24.0,24.0,48.0,48.0,48.0,48.0,5.889920711517334,0.1297578636545505,2.402092695236206,24.0,0.0529192890193856,0.4304924011230469,0.0094839603154613,BALANCED,0.0,51.75,0,0.0,0.0,15.8870698928833,42,6.25,1.057463718185419,1.0,46.51333236694336,45.51785659790039,43.522422790527344,0.9356978005183384,98.21428571428572,94.64285714285714,99.55357142857144,0.9241071428571428,0.1508145731137348,1,UNIFORM_WIDENING,1,LOW,1.0,HIGH,frac09.jpg,frac09.jpg,2,1,2,0.5
656,639,97.40853658536584,19338.0,11929.25,0.6168812700382666,328.0,61.66477584838867,21.471830368041992,12.705007553100586,34.17683792114258,24.0,24.0,48.0,48.0,48.0,38.0,11.01485824584961,0.3222901507525236,9.694835662841797,24.0,0.2836668414208193,8.766822814941406,0.2565135731740135,LEFT,0.7759146341463414,65.0,0,0.0,0.0,30.0,0,0.0,1.404459947721088,1.263157894736842,39.44063949584961,28.148401260375977,32.279815673828125,0.8184404737459943,96.64634146341464,80.1829268292683,97.40853658536584,0.9740853658536586,0.3131154438880116,2,SIDE_DOMINANT_WIDENING,2,MODERATE,0.5,MODERATE,frac10.jpg,frac10.jpg,2,1,0,1.0
256,256,100.0,11449.0,7925.0,0.6922001921565202,128.0,94.7046127319336,17.66796875,23.056640625,40.724609375,24.0,24.0,48.0,48.0,48.0,45.5,8.594109535217285,0.2110298825970576,6.189453125,19.0,0.1519831183156683,5.388671875,0.1323197928156922,RIGHT,0.45703125,71.0,0,0.0,0.0,33.75,0,0.0,1.1786485060668552,1.054945054945055,29.372093200683597,45.10588073730469,47.82941055297852,1.628396390621059,100.0,100.0,100.0,1.0,0.1985053146137432,1,UNIFORM_WIDENING,1,LOW,1.0,HIGH,frac11.jpg,frac11.jpg,2,1,0,1.0
928,908,97.84482758620688,18955.0,18394.0,0.9704035874439462,464.0,43.3843002319336,15.254956245422363,21.75,37.00495529174805,24.0,24.0,48.0,48.0,48.0,40.5,10.276851654052734,0.277715553850282,8.176762580871582,24.0,0.2209639902657838,6.495043754577637,0.1755182119795398,RIGHT,0.5474137931034483,66.75,0,0.0,0.0,39.25,0,0.0,1.2971235776821437,1.1851851851851851,33.06451797485352,34.91423797607422,40.65372085571289,1.2295270987053606,77.26293103448276,97.41379310344828,97.84482758620688,0.9633620689655172,0.2615510646152784,1,UNIFORM_WIDENING,1,LOW,1.0,HIGH,frac12.jpg,frac12.jpg,2,3,3,0.0
832,832,100.0,41098.0,18228.0,0.4435252323714049,416.0,103.62388610839844,19.254207611083984,12.867788314819336,32.12199401855469,24.0,24.0,48.0,48.0,48.0,33.0,10.94901180267334,0.3408571646065572,10.77584171295166,24.0,0.3354661515324108,6.386419296264648,0.1988176360832737,LEFT,0.6105769230769231,61.5,0,0.0,0.0,37.4375,0,0.0,1.4943032481817184,1.4545454545454546,38.971221923828125,24.084836959838867,33.28519821166992,0.8540968583620006,98.5576923076923,85.09615384615384,100.0,1.0,0.3492399073386731,1,UNIFORM_WIDENING,1,LOW,1.0,HIGH,frac13.jpg,frac13.jpg,2,3,3,0.0
912,897,98.35526315789474,46061.0,17576.0,0.3815809470050585,456.0,104.01058959960938,14.736900329589844,16.605350494384766,31.34225273132324,24.0,24.0,48.0,47.199981689453125,48.0,28.5,10.63541030883789,0.3393313939495144,9.82497215270996,24.0,0.313473707105008,1.8684501647949217,0.0596144219280412,BALANCED,0.0,55.5,0,0.0,0.0,41.5,0,0.0,1.5314789403133462,1.6842105263157894,37.35901641845703,25.24342155456543,29.85313606262207,0.799087848786974,79.60526315789474,92.43421052631578,98.35526315789474,0.5164473684210527,0.3391857947184359,1,UNIFORM_WIDENING,1,LOW,1.0,HIGH,frac14.jpg,frac14.jpg,2,3,2,0.5
1040,987,94.90384615384616,52006.0,21129.75,0.4062944660231511,520.0,102.6139144897461,18.504053115844727,20.303443908691406,38.807498931884766,24.0,24.0,48.0,48.0,48.0,43.5,10.07230281829834,0.2595452707729845,6.1286725997924805,24.0,0.157924956992193,1.7993907928466797,0.0463670922066684,BALANCED,0.0,63.75,0,0.0,0.0,19.75,124,11.923076923076923,1.2368743495748074,1.103448275862069,37.23775100708008,38.98414993286133,34.26011657714844,0.920037210910898,82.88461538461539,91.0576923076923,94.90384615384616,0.4461538461538462,0.2892640601727372,1,UNIFORM_WIDENING,1,LOW,1.0,HIGH,frac15.jpg,frac15.jpg,2,3,3,0.0
800,800,100.0,28440.0,15207.75,0.5347310126582279,400.0,73.53382110595703,17.16437530517578,16.890625,34.05500030517578,24.0,24.0,48.0,47.0,48.0,37.0,9.670029640197754,0.2839532977108232,7.118750095367432,24.0,0.2090368530780927,0.2737503051757812,0.0080384760746625,BALANCED,0.0,61.75,0,0.0,0.0,22.75,36,4.5,1.4094846445414602,1.2972972972972974,39.46816635131836,35.8127326965332,26.85714340209961,0.6804760870580069,95.0,96.0,100.0,1.0,0.2880239900745702,1,UNIFORM_WIDENING,1,LOW,1.0,HIGH,frac16.jpg,frac16.jpg,2,3,2,0.5
384,384,100.0,16853.0,11851.0,0.7031982436361479,192.0,91.5566177368164,23.18619728088379,22.81770896911621,46.00390625,24.0,24.0,48.0,48.0,48.0,48.0,5.444857120513916,0.118356408495505,1.6940103769302368,24.0,0.036823185573078,0.3684883117675781,0.0080099352816931,BALANCED,0.0,51.44876337051392,0,0.0,0.0,16.1013671875,17,4.427083333333334,1.043389657807591,1.0,45.096900939941406,47.30078125,45.61811065673828,1.0115575506505647,98.17708333333334,97.39583333333334,100.0,1.0,0.1277149440377135,1,UNIFORM_WIDENING,1,LOW,1.0,HIGH,frac17.jpg,frac17.jpg,2,1,1,1.0
576,539,93.57638888888889,26485.0,12056.25,0.455210496507457,288.0,94.84201049804688,21.03246688842773,13.792207717895508,34.824676513671875,24.0,24.0,48.0,48.0,48.0,33.0,10.582406997680664,0.3038766776060676,8.041744232177734,24.0,0.2309208594951517,7.240259170532227,0.2079060106771991,LEFT,0.5798611111111112,63.75,0,0.0,0.0,37.5,0,0.0,1.3783329755024605,1.4545454545454546,28.24870491027832,23.6171875,45.98952865600586,1.6280225519036988,90.2777777777778,87.32638888888889,93.57638888888889,0.5642361111111112,0.2791211336269842,2,SIDE_DOMINANT_WIDENING,2,MODERATE,0.5,MODERATE,frac18.jpg,frac18.jpg,2,3,3,0.0
416,416,100.0,14849.0,10498.0,0.7069836352616338,208.0,75.7745361328125,18.94831657409668,16.048076629638672,34.996395111083984,24.0,24.0,48.0,48.0,48.0,33.0,9.060725212097168,0.2589045295476011,9.23197078704834,24.0,0.2637977642481356,2.900239944458008,0.082872538537727,LEFT,0.4399038461538461,60.75,0,0.0,0.0,35.25,0,0.0,1.3715698387688378,1.4545454545454546,29.942445755004883,29.330934524536133,45.7934799194336,1.5293834142382712,98.07692307692308,95.67307692307692,100.0,1.0,0.2792275790846789,1,UNIFORM_WIDENING,1,LOW,1.0,HIGH,frac19.jpg,frac19.jpg,2,3,3,0.0
528,528,100.0,26126.0,13390.25,0.5125258363316236,264.0,101.94886779785156,17.35416603088379,23.22916603088379,40.58333206176758,24.0,24.0,48.0,48.0,48.0,46.0,9.476428985595703,0.2335054443329748,6.967803001403809,24.0,0.1716912497672408,5.875,0.1447638649053825,RIGHT,0.4090909090909091,69.4375,0,0.0,0.0,39.0625,0,0.0,1.1827515770992951,1.0434782608695652,42.79378509521485,43.58806991577149,35.325714111328125,0.8254870194989647,84.28030303030303,98.86363636363636,100.0,1.0,0.2165504895150832,1,UNIFORM_WIDENING,1,LOW,1.0,HIGH,frac20.jpg,frac20.jpg,2,2,2,0.5
480,480,100.0,20477.0,9288.5,0.4536064853249987,240.0,88.58438873291016,22.100000381469727,6.792708396911621,28.89270782470703,24.0,24.0,48.0,48.0,48.0,24.0,10.853784561157228,0.3756582673734659,15.736458778381348,24.0,0.544651573464659,15.307291984558104,0.5297977459286067,LEFT,0.775,48.0,72,15.0,0.0625,41.4375,0,0.0,1.6613188452677234,2.0,22.45030975341797,22.459375381469727,41.88993835449219,1.865895785607796,100.0,51.45833333333333,100.0,1.0,0.5372279217478477,3,IRREGULAR_LOCALIZED_WIDENING,3,HIGH,0.0,LOW,frac21.jpg,frac21.jpg,2,1,1,1.0
704,704,100.0,37788.0,16590.5,0.4390414946543876,352.0,110.43401336669922,20.838777542114254,20.522727966308597,41.36150741577149,24.0,24.0,48.0,48.0,48.0,43.5,7.52342414855957,0.1818943413481789,3.260653495788574,24.0,0.0788330430758251,0.316049575805664,0.0076411526108812,BALANCED,0.0,55.5,0,0.0,0.0,14.476527595520018,32,4.545454545454546,1.160499290257908,1.103448275862069,44.02766036987305,42.7723388671875,37.26709365844727,0.8464472866686358,100.0,94.88636363636364,100.0,1.0,0.1767727838894616,1,UNIFORM_WIDENING,1,LOW,1.0,HIGH,frac22.jpg,frac22.jpg,2,2,2,0.5
512,512,100.0,12368.0,11587.75,0.936913809831824,256.0,51.1549072265625,21.4521484375,17.041015625,38.4931640625,24.0,24.0,48.0,44.5,46.0,40.5,7.404894828796387,0.1923690870611031,7.7744140625,24.0,0.2019686937108354,4.4111328125,0.1145952254103559,LEFT,0.8125,45.89805889129639,32,6.25,0.025390625,16.165876626968384,66,12.890625,1.2469746556054495,1.1358024691358024,38.327484130859375,36.002925872802734,41.16470718383789,1.074025809867706,92.7734375,94.140625,100.0,1.0,0.3200130070300297,1,UNIFORM_WIDENING,1,LOW,1.0,HIGH,frac23.jpg,frac23.jpg,2,2,1,1.0
480,480,100.0,15021.0,12044.75,0.8018607283136941,240.0,66.25930786132812,22.47083282470703,18.384374618530277,40.85520935058594,24.0,24.0,48.0,48.0,48.0,44.0,8.113734245300293,0.1985972994453381,5.948958396911621,24.0,0.1456107676713276,4.086458206176758,0.1000229459574848,LEFT,0.3708333333333333,62.0,0,0.0,0.0,22.5,31,6.458333333333334,1.1748807743977845,1.0909090909090908,43.99689483642578,33.26250076293945,45.3144645690918,1.0299468800597078,100.0,89.79166666666667,100.0,1.0,0.2276329836611007,1,UNIFORM_WIDENING,1,LOW,1.0,HIGH,frac24.jpg,frac24.jpg,2,3,3,0.0
976,970,99.38524590163934,51994.0,15832.75,0.3045110974343193,488.0,109.0628890991211,19.36907196044922,11.202577590942385,30.5716495513916,24.0,24.0,48.0,47.0,48.0,28.5,11.93628978729248,0.39043656336657,11.134535789489746,24.0,0.3642111548731563,8.166494369506836,0.2671263896237847,LEFT,0.6219262295081968,58.5,0,0.0,0.0,35.5,0,0.0,1.5700821088934362,1.6842105263157894,23.622699737548828,28.71230697631836,38.83692169189453,1.6440509392820306,97.95081967213116,72.02868852459017,99.38524590163934,0.6229508196721312,0.3843504915660906,2,SIDE_DOMINANT_WIDENING,2,MODERATE,0.5,MODERATE,frac25.jpg,frac25.jpg,2,3,2,0.5
752,751,99.86702127659576,26666.0,16614.25,0.6230499512487813,376.0,73.83168029785156,20.74167823791504,21.25432777404785,41.99600601196289,24.0,24.0,48.0,48.0,48.0,44.5,7.489228248596191,0.1783319167651997,3.1691079139709477,22.0,0.0754621264000248,0.5126495361328125,0.0122071021703059,BALANCED,0.0,56.5,0,0.0,0.0,14.69860210418701,18,2.393617021276596,1.1429658331396282,1.0786516853932584,42.79282760620117,45.731075286865234,37.27799987792969,0.8711272884554064,99.86702127659576,97.07446808510636,99.86702127659576,0.9986702127659576,0.1608174783490351,1,UNIFORM_WIDENING,1,LOW,1.0,HIGH,frac26.jpg,frac26.jpg,2,3,3,0.0
1088,1088,100.0,37342.0,24385.25,0.6530247442557977,544.0,71.91881561279297,20.191635131835938,18.71047782897949,38.90211486816406,24.0,24.0,48.0,48.0,48.0,40.5,8.722743034362793,0.2242228491670291,7.7421875,24.0,0.1990171363751716,1.481157302856445,0.0380739551177684,BALANCED,0.0,63.0,0,0.0,0.0,35.5,0,0.0,1.2338660806145858,1.1851851851851851,40.96143341064453,42.01928329467773,33.711326599121094,0.8230016332963735,91.08455882352942,97.05882352941175,100.0,1.0,0.2289428004003939,1,UNIFORM_WIDENING,1,LOW,1.0,HIGH,frac27.jpg,frac27.jpg,2,3,3,0.0
336,336,100.0,17676.0,12276.0,0.6945010183299389,168.0,112.28573608398438,11.358631134033203,21.4375,32.7961311340332,24.0,24.0,48.0,48.0,48.0,29.25,11.48929214477539,0.3503246190174158,12.388392448425291,24.0,0.3777394473084543,10.078868865966797,0.30731883662667,RIGHT,0.5773809523809523,60.0,0,0.0,0.0,55.0,0,0.0,1.4635872689931233,1.641025641025641,32.6946907043457,23.116071701049805,42.66666793823242,1.30500295366187,61.011904761904766,97.61904761904762,100.0,1.0,0.3725291497773149,2,SIDE_DOMINANT_WIDENING,2,MODERATE,0.5,MODERATE,frac28.jpg,frac28.jpg,2,3,2,0.5
672,669,99.55357142857144,25594.0,11502.5,0.4494217394701883,336.0,78.52984619140625,16.843795776367188,9.89461898803711,26.738414764404297,24.0,24.0,48.0,48.0,48.0,24.0,11.63529109954834,0.4351526147704875,13.575486183166504,24.0,0.5077146982265742,6.949176788330078,0.2598948684714555,LEFT,0.4747023809523809,48.0,119,17.708333333333336,0.0758928571428571,53.25,0,0.0,1.7951699987801946,2.0,17.866666793823242,24.18526840209961,37.89461898803711,2.120967465578852,83.48214285714286,60.71428571428571,99.55357142857144,0.5952380952380952,0.556968654339669,3,IRREGULAR_LOCALIZED_WIDENING,3,HIGH,0.0,LOW,frac29.jpg,frac29.jpg,2,3,3,0.0
592,591,99.83108108108108,30912.0,14949.0,0.483598602484472,296.0,107.92256927490234,21.417089462280277,21.38071060180664,42.79780197143555,24.0,24.0,48.0,48.0,48.0,45.5,7.270410060882568,0.1698781181738035,4.247884750366211,24.0,0.0992547410075257,0.0363788604736328,0.0008500170667454,BALANCED,0.0,56.75,0,0.0,0.0,15.0,53,8.952702702702704,1.12155292535903,1.054945054945055,45.01515197753906,46.45685195922852,36.6928939819336,0.815123183417042,96.4527027027027,94.25675675675676,99.83108108108108,0.9003378378378378,0.2063185451670693,1,UNIFORM_WIDENING,1,LOW,1.0,HIGH,frac30.jpg,frac30.jpg,2,3,2,0.5
720,719,99.86111111111111,23959.0,15851.75,0.6616198505780708,360.0,69.10519409179688,21.145339965820312,15.724617958068848,36.86995697021485,24.0,24.0,48.0,48.0,48.0,39.0,9.720760345458984,0.2636498966709356,8.767037391662598,24.0,0.2377826857445207,5.420722007751465,0.147022733764478,LEFT,0.6069444444444444,59.25,0,0.0,0.0,24.5,0,0.0,1.301872959569128,1.2307692307692308,39.42323684692383,34.59791564941406,36.4225959777832,0.9238864915939858,94.44444444444444,81.38888888888889,99.86111111111111,0.5111111111111111,0.2651269386375025,1,UNIFORM_WIDENING,1,LOW,1.0,HIGH,frac31.jpg,frac31.jpg,2,1,1,1.0
576,576,100.0,26029.0,13421.25,0.515626800875946,288.0,93.6093521118164,23.61979103088379,13.79513931274414,37.41493225097656,24.0,24.0,48.0,48.0,48.0,40.0,9.382204055786133,0.2507609526819669,10.04861068725586,24.0,0.2685722005281349,9.824651718139648,0.2625863960699012,LEFT,0.6475694444444444,68.6875,0,0.0,0.0,45.0,0,0.0,1.2829102476524503,1.2,28.26943016052246,38.27604293823242,45.79057693481445,1.6197912966339103,100.0,79.34027777777779,100.0,1.0,0.275159993270868,2,SIDE_DOMINANT_WIDENING,2,MODERATE,0.5,MODERATE,frac32.jpg,frac32.jpg,2,2,3,0.0
752,744,98.93617021276596,21625.0,18605.75,0.8603815028901735,376.0,59.30942535400391,22.329973220825195,14.66330623626709,36.99327850341797,24.0,24.0,48.0,48.0,48.0,46.0,11.841185569763184,0.3200901906725873,10.270161628723145,24.0,0.2776223693656738,7.6666669845581055,0.2072448589871711,LEFT,0.425531914893617,82.0,0,0.0,0.0,60.0,0,0.0,1.2975330098294768,1.0434782608695652,29.72709083557129,33.98605728149414,46.124000549316406,1.5515813775535905,94.54787234042551,61.303191489361694,98.93617021276596,0.8324468085106383,0.3050304303162257,1,UNIFORM_WIDENING,1,LOW,1.0,HIGH,frac33.jpg,frac33.jpg,2,3,3,0.0
1136,1107,97.44718309859157,52251.0,26598.5,0.5090524583261564,568.0,94.55169677734376,20.618337631225582,18.133243560791016,38.75157928466797,24.0,24.0,48.0,48.0,48.0,46.5,11.2075834274292,0.2892161722003281,8.842818260192871,24.0,0.2281924614022511,2.4850940704345703,0.0641288431076081,BALANCED,0.0,82.5,0,0.0,0.0,60.0,0,0.0,1.2386591949554728,1.032258064516129,41.34696578979492,31.60026359558105,40.346561431884766,0.9758046488103592,85.47535211267606,75.52816901408451,97.44718309859157,0.5061619718309859,0.2669340885708903,1,UNIFORM_WIDENING,1,LOW,1.0,HIGH,frac34.jpg,frac34.jpg,2,1,1,1.0
