image_name,feature_error,num_profile_rows,mean_left_width_px,mean_right_width_px,mean_total_width_px,max_total_width_px,p90_total_width_px,p95_total_width_px,median_total_width_px,width_std_px,width_cv,mean_asymmetry_px,max_asymmetry_px,asymmetry_ratio,side_difference_px,side_dominance_ratio,side_consistency,dominant_side,localized_widening_percent,localized_asymmetry_percent,max_to_mean_width_ratio,p95_to_median_width_ratio,coronal_mean_width_px,middle_mean_width_px,apical_mean_width_px,apical_to_coronal_width_ratio,irregularity_index,left_width_std_px,right_width_std_px,left_width_cv,right_width_cv,left_max_to_median_ratio,right_max_to_median_ratio,total_max_to_median_ratio,left_local_spike_percent,right_local_spike_percent,total_local_spike_percent,asymmetry_local_spike_percent,left_local_peak_count,right_local_peak_count,total_local_peak_count,asymmetry_local_peak_count,localized_peak_count,side_dominant_length_ratio,side_switch_count,left_dominant_percent,right_dominant_percent,no_dominant_percent,mean_side_dominance_strength,max_side_dominance_strength,left_right_correlation,coronal_asymmetry_ratio,middle_asymmetry_ratio,apical_asymmetry_ratio,localized_spike_score,side_dominance_score,uniformity_score
frac01.jpg,,437,19.917619705200195,21.78032112121582,41.697940826416016,54.0,51.0,52.0,46.0,10.519691467285156,0.25228323045481443,5.020595073699951,26.0,0.12040390613522704,1.862701416015625,1.0935202273195865,0.044671303532674296,right,0.0,0.13043478260869565,1.2950279470578216,1.130434758034027,46.22068786621094,39.82758712768555,39.081634521484375,0.8455441811914345,0.2834767982958534,7.851165771484375,5.308969020843506,0.39418190996249625,0.24375071182588867,1.33333327777778,1.2916666128472245,1.1739130179584127,0.0,0.0,0.0,0.02288329519450801,0,0,0,1,1,0.0,0,0.0,0.0,1.0,0.0,0.0,0.249965800546107,0.07699194405345447,0.091255409414027,0.20034810804394504,0.07540317931572794,0.0,0.7636114079580574
frac02.jpg,,695,19.860431671142578,17.926618576049805,37.787052154541016,57.0,48.5999755859375,50.0,44.0,12.758999824523926,0.3376553279331503,5.959712028503418,25.0,0.15771835935788545,1.9338130950927734,1.1078737732392319,0.051176605044693194,left,0.0,0.17985611510791366,1.5084531669321266,1.1363636105371908,44.75757598876953,41.09956741333008,27.592275619506836,0.6164827829359536,0.3548220860651089,7.643821716308594,7.812299728393555,0.38487689784398044,0.4357932456396234,1.2499999479166688,1.1739129924385654,1.2954545160123974,0.0,0.0,0.0,0.012949640287769784,0,0,0,1,1,0.0,0,0.0,0.0,1.0,0.0,0.0,0.36281870946360867,0.08153592952705295,0.13018748282297368,0.3208896990005102,0.0804618613305991,0.0,0.7024677953533263
frac03.jpg,,312,17.512821197509766,21.634614944458008,39.14743423461914,59.0,48.0,54.0,40.0,9.009827613830566,0.23015115958000057,7.064102649688721,27.0,0.18044867070734033,4.121793746948242,1.2353585675947958,0.10528898565756431,right,0.04487179487179487,0.13141025641025642,1.5071229991543533,1.3499999662500008,41.92307662963867,33.54807662963867,41.971153259277344,1.0011467581188431,0.2899295135856048,6.932353973388672,5.0517659187316895,0.3958444787028339,0.23350384086784612,1.7777776790123512,1.34782602835539,1.474999963125001,0.0,0.0,0.0,0.028846153846153848,0,0,0,0,0,0.0,0,0.0,0.0,1.0,0.0,0.0,0.10849480173271964,0.149541283633197,0.16480366848206338,0.2238258872881444,0.06810439191689571,0.0,0.7265569315486873
frac04.jpg,,440,23.272727966308594,20.956817626953125,44.22954559326172,60.0,54.0,55.0,47.0,9.993614196777344,0.22594882757174478,5.125,24.0,0.11587276820017829,2.3159103393554688,1.1105086311324428,0.05236115939990877,left,0.0,0.16818181818181818,1.3565592374655018,1.1702127410593035,42.30821990966797,46.49314880371094,43.89189147949219,1.0374317457877869,0.2767582600182277,3.774698495864868,8.305280685424805,0.16219406419115756,0.3963044598163941,1.2916666128472245,1.6086955822306268,1.2765957175192402,0.0,0.0,0.0,0.015909090909090907,0,0,0,0,0,0.0,0,0.0,0.0,1.0,0.0,0.0,0.2654915410127305,0.103124490951054,0.045668828348459596,0.20135468474142332,0.039023208115560384,0.0,0.7857484717457945
frac05.jpg,,256,23.52734375,22.23046875,45.7578125,62.0,52.0,54.0,48.0,7.140056610107422,0.1560401615367269,5.4296875,44.0,0.11866142817335448,1.296875,1.0583376786268766,0.028342154067304812,left,0.0,0.1015625,1.3549598474586204,1.1249999765625005,48.56470489501953,43.2470588684082,45.46511459350586,0.9361760512209435,0.21388379317577094,6.8618645668029785,5.541534423828125,0.29165486542220104,0.24927653289144394,1.8333332569444476,1.208333282986113,1.2916666397569452,0.0,0.0,0.0,0.0,0,0,0,0,0,0.0,0,0.0,0.0,1.0,0.0,0.0,-0.352573329160196,0.031976744726392545,0.12622415714473423,0.20306905920956253,0.029166663975694517,0.0,0.7955965610235631
frac06.jpg,,391,20.350383758544922,17.626598358154297,37.97698211669922,61.0,48.0,50.5,40.0,10.949639320373535,0.2883230425841479,6.687979698181152,24.0,0.1761061345402215,2.723785400390625,1.1545269365375668,0.07172200572174792,left,0.023017902813299233,0.1534526854219949,1.606236067055498,1.262499968437501,43.846153259277344,33.68461608886719,36.41221237182617,0.8304539585503503,0.37948803043938867,6.372293949127197,7.25344705581665,0.31312891744965826,0.41150575380049753,1.34782602835539,1.888888783950623,1.524999961875001,0.0,0.0,0.0,0.017902813299232736,0,0,0,3,3,0.08695652173913043,0,0.08695652173913043,0.0,0.9130434782608696,0.39063572883605957,0.5625,0.2885694241616042,0.08736842181889347,0.19433660192564012,0.2654088199142411,0.19028771997266633,0.3907843108338434,0.5883087320536949
frac07.jpg,,296,21.71283721923828,21.21283721923828,42.92567443847656,62.0,52.0,58.0,43.0,8.439844131469727,0.19661529015579907,5.405405521392822,26.0,0.12592476335381483,0.5,1.0235705847012277,0.01164804036028804,left,0.04391891891891892,0.11824324324324324,1.444357004675717,1.3488371779340191,38.71428680419922,42.3979606628418,47.56999969482422,1.2287453132397401,0.2975026483851519,5.807320594787598,5.1404571533203125,0.26746022496691024,0.24232764612603064,1.33333327777778,1.555555486419756,1.4418604315846413,0.0,0.0,0.0,0.02702702702702703,0,0,0,2,2,0.0,0,0.0,0.0,1.0,0.0,0.0,0.18560890209139358,0.1275698409945307,0.12442839476762499,0.12591969063750502,0.14682439579681678,0.0,0.759415716938894
frac08.jpg,,256,20.05859375,20.26171875,40.3203125,54.0,49.0,50.0,42.0,7.733786582946777,0.19180869173913487,6.2734375,24.0,0.15558999807875998,0.203125,1.01012653191969,0.005037783250370809,right,0.0,0.14453125,1.3392753010216552,1.19047616213152,40.95294189453125,40.023529052734375,39.988372802734375,0.976446867462468,0.2710559423066423,4.8137664794921875,6.911116600036621,0.2399852302461112,0.3410923004221604,1.2272726714876059,1.34782602835539,1.2857142551020415,0.0,0.00390625,0.00390625,0.01953125,0,1,1,0,1,0.0,0,0.0,0.0,1.0,0.0,0.0,-0.16719147837982626,0.1117494873774301,0.16813638360118902,0.1875545136443422,0.08809523503401367,0.0,0.7483624606848405
frac09.jpg,,334,23.188623428344727,23.40718650817871,46.59580993652344,56.0,51.0,53.0,47.0,5.465305328369141,0.11729177405699451,2.5179641246795654,25.0,0.05403842264081934,0.21856307983398438,1.0094254008257093,0.004690616504812602,right,0.0,0.1347305389221557,1.2018247751131041,1.1276595504753288,46.900901794433594,46.56756591796875,46.32143020629883,0.9876447455462726,0.2082380829059683,3.3628461360931396,3.9867377281188965,0.1450213722890155,0.17032109161879827,1.2916666128472245,1.2916666128472245,1.1914893363512908,0.0,0.0,0.0,0.041916167664670656,0,0,0,0,0,0.0,0,0.0,0.0,1.0,0.0,0.0,0.09945524494710477,0.038033037471959054,0.03462952247291796,0.08943715612513717,0.04908905339560812,0.0,0.8662821922555538
frac10.jpg,,316,21.389240264892578,12.477848052978516,33.867088317871094,51.0,47.5,50.0,38.0,11.739042282104492,0.346620938455139,11.069620132446289,31.0,0.3268547830771225,8.911392211914062,1.7141768724784243,0.26312837599573907,left,0.0,0.17721518987341772,1.505886718558012,1.3157894390581728,42.18095397949219,27.209524154663086,32.22641372680664,0.7640038909141506,0.3604948821983043,6.886769771575928,8.222161293029785,0.32197354203861306,0.6589405961011462,1.3913042873345962,1.799999880000008,1.3421052278393362,0.0031645569620253164,0.00949367088607595,0.0,0.0031645569620253164,1,0,0,1,1,0.5791139240506329,0,0.5791139240506329,0.0,0.4208860759493671,0.4958391785621643,0.9999999403953552,0.20109422211631914,0.18807856296209277,0.5162757815918503,0.34836064686843926,0.07813758728061837,0.9291139240506329,0.37246024587114446
frac11.jpg,,126,19.809524536132812,27.706348419189453,47.515872955322266,88.0,74.0,76.0,48.0,16.81728744506836,0.353929877431722,12.023809432983398,32.0,0.25304826433980826,7.896823883056641,1.3986376588703622,0.16619338393063726,right,0.1746031746031746,0.07142857142857142,1.8520126575540572,1.583333300347223,28.809524536132812,47.97618865966797,65.76190185546875,2.2826443904114417,0.3593062044830569,10.044910430908203,10.219858169555664,0.5070747612095083,0.3688633971560821,1.3749999427083357,2.4999998958333376,1.8333332951388899,0.0,0.0,0.0,0.0,0,0,0,0,0,0.5079365079365079,0,0.0,0.5079365079365079,0.4920634920634921,0.45002973079681396,0.5999999642372131,0.3773488719829452,0.5338842812871828,0.15334987996029548,0.20275163029795293,0.08333332951388898,0.8579365079365079,0.42702072748557796
frac12.jpg,,456,15.339912414550781,22.388158798217773,37.72806930541992,53.0,49.0,51.0,40.0,10.641308784484863,0.2820528242854806,8.635965347290039,27.0,0.22890026649598927,7.048246383666992,1.459471001771192,0.18681703905366343,right,0.0,0.12938596491228072,1.4047895789779143,1.2749999681250008,35.1184196472168,33.69078826904297,44.375,1.2635818804544334,0.31067897753171286,9.391148567199707,3.711733341217041,0.6122034925106988,0.16579001466268417,1.3999999300000034,1.1666666180555576,1.324999966875001,0.0,0.0,0.0,0.010964912280701754,0,0,0,1,1,0.21271929824561403,0,0.0,0.21271929824561403,0.7872807017543859,0.7028226852416992,0.9999999403953552,0.16161288017375644,0.2559010909327088,0.41105253427939287,0.06923646905174363,0.08199874355466802,0.562719298245614,0.5449943291933903
frac13.jpg,,413,20.99515724182129,13.997578620910645,34.99273681640625,82.0,55.79998779296875,66.39999389648438,34.0,15.816668510437012,0.4519986002073096,13.191283226013184,32.0,0.37697202474475966,6.9975786209106445,1.4999134000607601,0.19997231018688252,left,0.21307506053268765,0.11138014527845036,2.3433433654212252,1.9529409395159836,46.37226104736328,24.328466415405273,34.28776931762695,0.7394025610095627,0.4857135511221242,8.214142799377441,12.3297119140625,0.39123986134171096,0.8808459925202671,1.9565216540642758,4.181817801652928,2.4117646349480992,0.0,0.0,0.0,0.002421307506053269,0,0,0,0,0,0.46973365617433416,0,0.46973365617433416,0.0,0.5302663438256658,0.7367851734161377,0.9999999403953552,0.15143021716370644,0.26554383976496587,0.7929793059816409,0.23457825144069752,0.14290596885627654,0.8197336561743341,0.29779953203187126
frac14.jpg,,450,15.64888858795166,17.537776947021484,33.186668395996094,55.0,49.0,50.0,30.0,11.490123748779297,0.3462270832807814,10.337778091430664,29.0,0.31150393454903,1.8888883590698242,1.1207042422054092,0.05691708126931578,right,0.28888888888888886,0.17333333333333334,1.6572919488761848,1.6666666111111128,39.70000076293945,27.479999542236328,32.380001068115234,0.8156171191494116,0.4143992494075867,9.983378410339355,7.688643455505371,0.6379608185123706,0.4384046530142757,2.249999859375009,1.1739129924385654,1.8333332722222242,0.0022222222222222222,0.0,0.0022222222222222222,0.011111111111111112,1,0,1,0,1,0.2088888888888889,1,0.2088888888888889,0.19333333333333333,0.5977777777777777,0.5639486312866211,0.9999999403953552,-0.17431354082074832,0.21746430284131887,0.4007763138028457,0.3510397179688899,0.13515872404761925,0.5088888888888888,0.44171704588145744
frac15.jpg,,505,17.837623596191406,20.841583251953125,38.67920684814453,54.0,51.0,51.0,40.0,10.71429443359375,0.277003977838903,7.3920793533325195,31.0,0.19111248044049908,3.0039596557617188,1.1684057560221952,0.07766342236261235,right,0.0,0.18613861386138614,1.396098912159868,1.2749999681250008,40.16666793823242,38.14881134033203,37.72780990600586,0.9392815213037209,0.3986924615099278,8.821292877197266,5.895345687866211,0.4945329368059882,0.2828645661768126,1.2608695103969778,1.2916666128472245,1.3499999662500008,0.0,0.0,0.0019801980198019802,0.007920792079207921,0,0,1,4,5,0.0,0,0.0,0.0,1.0,0.0,0.0,0.021399864944512667,0.21339654309226347,0.12685285736690338,0.23212045670542641,0.25097123660614107,0.0,0.6527654489217394
frac16.jpg,,396,16.27020263671875,17.467172622680664,33.73737335205078,52.0,47.0,48.0,37.0,10.969273567199707,0.32513714472071603,5.767676830291748,25.0,0.17095808257352282,1.196969985961914,1.073568162555789,0.035479049835695185,right,0.03535353535353535,0.06818181818181818,1.5413173371874773,1.2972972622352092,43.56060791015625,32.477272033691406,25.17424201965332,0.5779129963856839,0.3371519991421698,7.686746597290039,5.299269676208496,0.47244317089815124,0.30338449658091987,1.3157894044321365,1.9374998789062574,1.4054053674214766,0.0,0.0,0.0,0.020202020202020204,0,0,0,2,2,0.12878787878787878,1,0.12878787878787878,0.08333333333333333,0.7878787878787878,0.3854730725288391,0.9999999403953552,0.4069881739589798,0.07652173230028701,0.22276650172546136,0.267529335203456,0.1383038845054954,0.3786002685325314,0.5975176564211246
frac17.jpg,,191,29.26701545715332,23.387434005737305,52.654449462890625,97.0,74.0,86.5,48.0,13.056702613830566,0.24796959229557555,7.81675386428833,63.0,0.14845381151204604,5.879581451416016,1.2513991145234038,0.11166352321082108,left,0.13612565445026178,0.17801047120418848,1.8421994560243844,1.8020832957899315,46.650794982910156,47.06349182128906,63.89230728149414,1.3695866476726393,0.37377370547737454,13.487513542175293,3.8022656440734863,0.4608434741518974,0.16257728319248052,3.33333319444445,1.2916666128472245,2.02083329123264,0.0,0.0,0.0,0.02617801047120419,0,0,0,0,0,0.10471204188481675,0,0.10471204188481675,0.0,0.8952879581151832,0.5116437077522278,0.6494845151901245,-0.25244927617369056,0.06702959839229343,0.023271500347845708,0.2954490628864854,0.12078190803126698,0.45471204188481673,0.5974458185161283
frac18.jpg,,280,22.132143020629883,13.857142448425293,35.98928451538086,64.0,55.09999084472656,61.0,33.5,12.552314758300781,0.3487792152177141,10.467857360839844,31.0,0.2908603827760393,8.27500057220459,1.5971648921008283,0.22992955969265008,left,0.2571428571428571,0.08214285714285714,1.7783070456524654,1.8208954680329712,30.68817138671875,26.860214233398438,50.26595687866211,1.6379586325712978,0.37509671646136594,6.106820583343506,9.432141304016113,0.27592539510185715,0.6806699619673757,1.695652100189039,3.9999995555556054,1.9104477041657404,0.0,0.0,0.0,0.02142857142857143,0,0,0,0,0,0.45714285714285713,0,0.45714285714285713,0.0,0.5428571428571429,0.5778323411941528,0.9999999403953552,0.27171723583690793,0.5374912189734262,0.29623698913760843,0.13904761906402408,0.10635089286555363,0.8071428571428572,0.4062310312978705
frac19.jpg,,207,23.086956024169922,18.04347801208496,41.130435943603516,80.0,69.0,71.69999694824219,39.0,15.6929292678833,0.38154054354931477,14.09661865234375,53.0,0.3427296109611599,5.043478012084961,1.2795179914420602,0.12262155199081366,left,0.19806763285024154,0.11594202898550725,1.9450316102815282,1.838461413071302,39.130435943603516,28.884057998657227,55.37681198120117,1.4151851169209442,0.45328659041976815,12.770065307617188,11.560094833374023,0.553128993753837,0.6406799279469015,2.545454429752071,2.1499998925000052,2.051281998685077,0.004830917874396135,0.0,0.0,0.024154589371980676,1,0,0,2,2,0.33816425120772947,1,0.33816425120772947,0.12560386473429952,0.536231884057971,0.6583828330039978,1.0,-0.17084833747870673,0.6792592182147544,0.36076266129253354,0.09552472810511299,0.2057148113246844,0.6381642512077295,0.35478453165797064
frac20.jpg,,264,18.655303955078125,24.189393997192383,42.844696044921875,79.0,59.69999694824219,63.0,46.0,12.803679466247559,0.29883930449602986,9.29924201965332,32.0,0.21704534425586525,5.534090042114258,1.2966496155083131,0.1291662778315801,right,0.06439393939393939,0.14393939393939395,1.8438687970455239,1.3695651876181483,47.477272033691406,41.943180084228516,39.1136360168457,0.8238391448702078,0.36649874670345245,12.288456916809082,2.185117244720459,0.6587111251410588,0.09033368734414736,2.391304243856337,1.33333327777778,1.7173912670132334,0.0,0.0,0.0,0.011363636363636364,0,0,0,1,1,0.2727272727272727,1,0.08333333333333333,0.2727272727272727,0.6439393939393939,0.6482945084571838,0.9999999403953552,0.1518207299800107,0.07707036992609001,0.12652397532189857,0.48402090555447913,0.12152267648487314,0.5727272727272726,0.5246119785665129
frac21.jpg,,240,22.233333587646484,7.883333206176758,30.116666793823242,62.0,51.0,60.0,24.0,13.4224214553833,0.4456808285455857,15.433333396911621,27.0,0.5124515601316594,14.350000381469727,2.8202957030828655,0.4764803490116802,left,0.29583333333333334,0.020833333333333332,2.058660686648602,2.4999998958333376,21.487499237060547,22.387500762939453,46.474998474121094,2.162885303613092,0.4628751293190895,3.7621655464172363,11.25439453125,0.16921283362090045,1.4276185985406968,1.34782602835539,32000000.0,2.583333225694449,0.0,0.0,0.0,0.0,0,0,0,0,0,0.7666666666666667,0,0.7666666666666667,0.0,0.23333333333333328,0.8699395656585693,0.9999999403953552,0.4646348750644818,0.8917975646333779,0.9676157979060485,0.11780527093241261,0.15,1.0,0.2656818478168931
frac22.jpg,,352,20.548295974731445,21.292613983154297,41.84090805053711,62.0,48.0,50.0,44.0,6.879459381103516,0.1644194530475959,3.517045497894287,22.0,0.084057578520731,0.7443180084228516,1.0362228076291748,0.017789240848563658,right,0.014204545454545454,0.1875,1.481803369164708,1.1363636105371908,43.837608337402344,41.66666793823242,40.033897399902344,0.9132317661708194,0.2843620499476469,3.6615238189697266,5.001948833465576,0.17819110865841378,0.23491472688642892,1.2272726714876059,1.652173841209833,1.4090908770661166,0.0,0.0,0.0,0.017045454545454544,0,0,0,1,1,0.0,0,0.0,0.0,1.0,0.0,0.0,0.2429929634287259,0.05010722889455725,0.07569230620669073,0.12955122221739776,0.094751079048603,0.0,0.8157236573296465
frac23.jpg,,256,22.67578125,16.81640625,39.4921875,52.0,45.0,47.0,40.0,6.093664646148682,0.1543005054315661,7.296875,23.0,0.1847675521957969,5.859375,1.348431975563627,0.14836794876536155,left,0.0,0.09375,1.3167160893096619,1.1749999706250007,38.79999923706055,40.91764831542969,38.76744079589844,0.9991608391504336,0.26320530877292597,3.660435199737549,4.805745601654053,0.1614248699066401,0.2857771895155579,1.1739129924385654,1.7499998906250067,1.299999967500001,0.0,0.0,0.0,0.0078125,0,0,0,3,3,0.20703125,0,0.20703125,0.0,0.79296875,0.39853158593177795,0.9999999403953552,0.01815584314613146,0.22073984011250364,0.1684876318049905,0.16616677235827595,0.16058035389285724,0.5170002612802718,0.6158626932884671
frac24.jpg,,240,22.616666793823242,20.637500762939453,43.25416564941406,66.0,56.0,60.0,47.0,11.212250709533691,0.259217818260419,7.929166793823242,26.0,0.1833156758767575,1.979166030883789,1.095901386399295,0.04575665616044414,left,0.03333333333333333,0.1875,1.525864560862926,1.2765957175192402,44.26250076293945,32.54999923706055,52.95000076293945,1.196272209070522,0.34542292570008604,3.5241622924804688,10.29835319519043,0.15582146426729318,0.4990116203737447,1.124999953125002,1.7499999270833364,1.4042552892711642,0.0,0.0,0.0,0.008333333333333333,0,0,0,2,2,0.24583333333333332,1,0.24583333333333332,0.09166666666666666,0.6625,0.5336489677429199,0.9999999403953552,0.09972632779831697,0.09347641105838767,0.40937019085160115,0.11945230592404069,0.1297112432128307,0.5458333333333333,0.5720009216703985
frac25.jpg,,488,18.86270523071289,11.680327415466309,30.543033599853516,55.0,47.0,48.0,28.0,12.045771598815918,0.3943868628847275,11.125,25.0,0.3642401662359167,7.182377815246582,1.6149122318971922,0.2351559990467034,left,0.36885245901639346,0.1598360655737705,1.8007379004921724,1.7142856530612267,24.018518447875977,27.83333396911621,39.664634704589844,1.6514188058372388,0.48016863863540515,4.537141799926758,10.644413948059082,0.24053504011737356,0.9113111865899646,1.3157894044321365,4.57142791836744,1.9642856441326555,0.0,0.0,0.0,0.012295081967213115,0,0,0,3,3,0.5122950819672131,0,0.5122950819672131,0.0,0.4877049180327869,0.7605699300765991,0.9999999403953552,0.11607154816638392,0.7167822825922936,0.37192278520717176,0.14803996050645613,0.23021076581841776,0.862295081967213,0.29861318109952406
frac26.jpg,,376,20.465425491333008,21.058509826660156,41.5239372253418,52.0,48.0,50.0,44.5,7.984323978424072,0.19228243561809583,3.8111701011657715,19.0,0.09178248172134691,0.5930843353271484,1.028979769152542,0.014282950044588807,right,0.0,0.15425531914893617,1.2522896965554373,1.123595480368641,42.784000396728516,44.69599914550781,37.126983642578125,0.8677772632416062,0.31137684846775,4.189510345458984,5.34817361831665,0.20471160702334829,0.2539673228719403,1.2727272148760356,1.2173912514177716,1.1685392995833865,0.0,0.0,0.0,0.02127659574468085,0,0,0,4,4,0.0,0,0.0,0.0,1.0,0.0,0.0,0.3926245825685036,0.06881076826879404,0.053159117589620664,0.16417272416409992,0.19871816501406306,0.0,0.7825408229596622
frac27.jpg,,539,20.02968406677246,19.085342407226562,39.115028381347656,68.0,49.0,55.0,40.0,10.454146385192871,0.26726673993444633,8.328386306762695,27.0,0.21292036433274827,0.9443416595458984,1.0494798882784748,0.02414268056248006,left,0.06307977736549165,0.1280148423005566,1.7384621991982039,1.374999965625001,41.13966369628906,40.92737579345703,35.32044219970703,0.8585495885894534,0.3412291777848043,7.792237758636475,7.560525894165039,0.38903446223241583,0.39614303671907136,1.4782608052930084,1.9545453657024834,1.699999957500001,0.0,0.0,0.0,0.0055658627087198514,0,0,0,1,1,0.13543599257884972,0,0.0,0.13543599257884972,0.8645640074211502,0.8196950554847717,0.9999999403953552,-0.07291495332170772,0.15507875683498773,0.11820911166307704,0.38808068893811865,0.11564227863718093,0.48543599257884973,0.5552662435475662
frac28.jpg,,167,17.17963981628418,24.958084106445312,42.137725830078125,144.0,76.0,80.69999694824219,30.0,23.099605560302734,0.548192968582589,18.880239486694336,47.0,0.4480602279005123,7.778444290161133,1.4527710080404084,0.18459572633160742,right,0.4251497005988024,0.07784431137724551,3.4173651697132383,2.6899998086080794,42.490909576416016,24.96363639831543,58.3684196472168,1.3736683647258285,0.5391916167664671,19.69963264465332,8.41893482208252,1.146684779694608,0.33732294710015104,9.14285583673488,3.4782607183364904,4.799999840000005,0.0,0.0,0.0,0.0,0,0,0,0,0,0.5868263473053892,2,0.2215568862275449,0.5868263473053892,0.19161676646706582,0.7264072895050049,0.9999999403953552,0.22501609869580783,0.49336754882233574,0.9155134417552454,0.22332431545876985,0.15,0.8368263473053892,0.2929055035741136
frac29.jpg,,335,17.755224227905273,11.062686920166016,28.81791114807129,72.0,53.600006103515625,68.0,24.0,16.133760452270508,0.5598518160987003,13.964179039001465,26.0,0.4845659521498698,6.692537307739258,1.6049647568507768,0.23223532896317656,left,0.21194029850746268,0.0,2.498446092487612,2.8333332152777824,17.432432174682617,24.52252197265625,44.22123718261719,2.5367220249460267,0.5099999916666671,10.642905235290527,11.419240951538086,0.5994238371340647,1.032230234997601,1.652173841209833,4.999999375000079,2.999999875000005,0.0,0.0,0.0,0.0,0,0,0,0,0,0.4507462686567164,1,0.4507462686567164,0.191044776119403,0.35820895522388063,0.9005628824234009,0.9999999403953552,0.06840767964696476,0.5431524429893044,0.8919911988133123,0.2399439721964595,0.15,0.7507462686567163,0.30722262699659897
frac30.jpg,,296,21.760135650634766,21.66216278076172,43.422298431396484,55.0,51.0,53.0,46.0,8.303006172180176,0.19121525761891572,4.9628376960754395,29.0,0.11429237421929482,0.09797286987304688,1.0045227185457832,0.0022562800946973253,left,0.0,0.12837837837837837,1.2666302964193616,1.1521738879962198,47.45918273925781,47.24489974975586,35.720001220703125,0.7526467673137804,0.24171046023759143,5.3195109367370605,5.883502006530762,0.24446128359133648,0.27160269242151747,1.34782602835539,1.3913042873345962,1.1956521479206055,0.0,0.006756756756756757,0.006756756756756757,0.02702702702702703,0,0,0,0,0,0.0,0,0.0,0.0,1.0,0.0,0.0,0.09628799191659834,0.0599871010031831,0.048812094106040205,0.2698768125421745,0.04562699085383661,0.0,0.7962248018446252
frac31.jpg,,357,19.07002830505371,18.408964157104492,37.4789924621582,57.0,47.0,48.0,39.0,9.501745223999023,0.25352188909749535,7.938375473022461,28.0,0.21180866239211257,0.6610641479492188,1.0359098483976485,0.017638257778098607,left,0.011204481792717087,0.1568627450980392,1.5208519422367033,1.2307691992110463,43.91596603393555,35.235294342041016,33.28571319580078,0.7579410279199736,0.35788446688498804,7.2194976806640625,6.6758246421813965,0.3785782163822285,0.3626398651531493,1.409090845041325,2.1249998671875083,1.4615384240631175,0.008403361344537815,0.0,0.0,0.022408963585434174,0,0,0,3,3,0.0,0,0.0,0.0,1.0,0.0,0.0,-0.06644330291322904,0.08036739325420787,0.21106606117801963,0.3860136378159611,0.1871602449673362,0.0,0.6608403824762713
frac32.jpg,,287,24.32404136657715,15.083623886108398,39.40766525268555,71.0,55.0,62.0,40.0,12.005414009094238,0.30464666271061147,11.414633750915527,27.0,0.28965515688556276,9.24041748046875,1.6126124555761738,0.2344827379834764,left,0.11149825783972125,0.2264808362369338,1.8016798950930393,1.549999961250001,28.473684310913086,38.44210433959961,51.06185531616211,1.7932998401366638,0.38658697354415605,2.1404223442077637,11.174883842468262,0.08799616083340021,0.7408619563829131,1.2916666128472245,2.4999998437500097,1.7749999556250011,0.0,0.0,0.0,0.0,0,0,0,0,0,0.4355400696864111,0,0.4355400696864111,0.0,0.5644599303135889,0.7235360145568848,0.9999999403953552,0.30667170750151984,0.6635859403984693,0.23548739847108788,0.12537855849970578,0.0774999955625001,0.7855400696864111,0.4427168048862442
frac33.jpg,,370,22.245946884155273,23.154054641723633,45.400001525878906,61.0,51.0,51.0,48.0,7.549977779388428,0.16629906077835108,3.9081079959869385,27.0,0.08608166913116887,0.9081077575683594,1.0408212211184384,0.020002372401867596,right,0.0,0.13783783783783785,1.343612260048417,1.0624999778645838,44.99187088012695,45.504066467285156,45.70161437988281,1.015774904890529,0.2873440792596532,4.626778602600098,5.671697616577148,0.20798298308949698,0.2449548236533017,1.1666666180555576,1.4166666076388912,1.2708333068576394,0.0,0.0,0.0,0.024324324324324326,0,0,0,3,3,0.0,0,0.0,0.0,1.0,0.0,0.0,0.06529542781084037,0.11637151143262817,0.0916562359506246,0.05099699572998069,0.1694578480602813,0.0,0.7914850367555731
frac34.jpg,,567,20.74955940246582,20.291006088256836,41.040565490722656,56.0,51.0,52.0,47.0,10.943180084228516,0.26664300763738863,8.130511283874512,28.0,0.19810913881299466,0.4585533142089844,1.0225987952305415,0.011173172142071718,left,0.0,0.21164021164021163,1.364503582392289,1.1063829551833415,40.58201217651367,38.79894256591797,43.74074172973633,1.0778356790601689,0.32188762259865966,8.54580307006836,8.050434112548828,0.4118546564028797,0.3967488689710189,1.33333327777778,1.124999953125002,1.1914893363512908,0.0,0.003527336860670194,0.003527336860670194,0.014109347442680775,0,0,1,0,1,0.0,0,0.0,0.0,1.0,0.0,0.0,-0.13145145866703603,0.20260755158752308,0.27423973647487776,0.12640618501276535,0.0744210424786665,0.0,0.6949303931476201
