image_name,pdl_pattern_score,pdl_pattern_label
frac01,3,Irregular localized widening
frac02,2,Side-dominant widening
frac03,3,Irregular localized widening
frac04,1,Uniform widening
frac05,3,Irregular localized widening
frac06,1,Uniform widening
frac07,1,Uniform widening
frac08,3,Irregular localized widening
frac09,1,Uniform widening
frac10,1,Uniform widening
frac11,1,Uniform widening
frac12,3,Irregular localized widening
frac13,3,Irregular localized widening
frac14,3,Irregular localized widening
frac15,3,Irregular localized widening
frac16,3,Irregular localized widening
frac17,1,Uniform widening
frac18,3,Irregular localized widening
frac19,3,Irregular localized widening
frac20,2,Side-dominant widening
frac21,1,Uniform widening
frac22,2,Side-dominant widening
frac23,2,Side-dominant widening
frac24,3,Irregular localized widening
frac25,3,Irregular localized widening
frac26,3,Irregular localized widening
frac27,3,Irregular localized widening
frac28,3,Irregular localized widening
frac29,1,Uniform widening
frac30,3,Irregular localized widening
frac31,1,Uniform widening
frac32,2,Side-dominant widening
frac33,3,Irregular localized widening
frac34,1,Uniform widening
