image_name,lesion_exist,clahe_sigmoid,texture_removed
L1.jpg,1,L1_clahe_sigmoid.png,texture_removed_L1_clahe_sigmoid
L2.jpg,1,L2_clahe_sigmoid.png,texture_removed_L2_clahe_sigmoid
L3.jpg,1,L3_clahe_sigmoid.png,texture_removed_L3_clahe_sigmoid
L4.jpg,1,L4_clahe_sigmoid.png,texture_removed_L4_clahe_sigmoid
L5.jpg,1,L5_clahe_sigmoid.png,texture_removed_L5_clahe_sigmoid
L6.jpg,1,L6_clahe_sigmoid.png,texture_removed_L6_clahe_sigmoid
L7.jpg,1,L7_clahe_sigmoid.png,texture_removed_L7_clahe_sigmoid
L8.jpg,1,L8_clahe_sigmoid.png,texture_removed_L8_clahe_sigmoid
L9.jpg,1,L9_clahe_sigmoid.png,texture_removed_L9_clahe_sigmoid
L10.jpg,1,L10_clahe_sigmoid.png,texture_removed_L10_clahe_sigmoid
L11.jpg,1,L11_clahe_sigmoid.png,texture_removed_L11_clahe_sigmoid
L12.jpg,1,L12_clahe_sigmoid.png,texture_removed_L12_clahe_sigmoid
L13.jpg,1,L13_clahe_sigmoid.png,texture_removed_L13_clahe_sigmoid
L14.jpg,0,L14_clahe_sigmoid.png,texture_removed_L14_clahe_sigmoid
L15.jpg,1,L15_clahe_sigmoid.png,texture_removed_L15_clahe_sigmoid
L16.jpg,1,L16_clahe_sigmoid.png,texture_removed_L16_clahe_sigmoid
L17.jpg,1,L17_clahe_sigmoid.png,texture_removed_L17_clahe_sigmoid
L18.jpg,1,L18_clahe_sigmoid.png,texture_removed_L18_clahe_sigmoid
L19.jpg,1,L19_clahe_sigmoid.png,texture_removed_L19_clahe_sigmoid
L20.jpg,1,L20_clahe_sigmoid.png,texture_removed_L20_clahe_sigmoid
L21.jpg,1,L21_clahe_sigmoid.png,texture_removed_L21_clahe_sigmoid
L22.jpg,1,L22_clahe_sigmoid.png,texture_removed_L22_clahe_sigmoid
L23.jpg,1,L23_clahe_sigmoid.png,texture_removed_L23_clahe_sigmoid
L24.jpg,1,L24_clahe_sigmoid.png,texture_removed_L24_clahe_sigmoid
L25.jpg,1,L25_clahe_sigmoid.png,texture_removed_L25_clahe_sigmoid
L26.jpg,1,L26_clahe_sigmoid.png,texture_removed_L26_clahe_sigmoid
L27.jpg,1,L27_clahe_sigmoid.png,texture_removed_L27_clahe_sigmoid
L28.jpg,1,L28_clahe_sigmoid.png,texture_removed_L28_clahe_sigmoid
L29.jpg,0,L29_clahe_sigmoid.png,texture_removed_L29_clahe_sigmoid
L30.jpg,1,L30_clahe_sigmoid.png,texture_removed_L30_clahe_sigmoid