image_name,midline_length_px,actual_wl_mm
26041073.jpg,490.6,21.5
24100639.jpg,457.15,20.0
26020252.jpg,434.85,19.0
26040182.jpg,468.3,20.5
26031779.jpg,501.75,22.0
26031615.jpg,512.9,22.0
26030501.jpg,546.35,24.0
26030375.jpg,501.75,21.5
26040832.png,557.5,24.0
25101444.jpg,512.9,22.5
2402-1701.png,457.15,20.0
24021701.png,502.75,22.0
26040460.jpg,510.9,22.0
26030501.png,546.35,22.5
2603-0501.png,556.0,24.0
26050235.png,557.5,24.5
26020854.png,541.89,23.5
26050330.png,508.44,22.0
25120477.png,557.5,24.5
26031782-1.png,435.97,19.5
26031782.png,278.75,12.0
26041442.png,568.65,25.0
26041293.png,463.84,20.0
26031506.png,423.7,18.5
26041241.png,546.35,24.0
26020433.jpg,546.9,24.0
26031826.png,613.25,27.0
26050586.png,454.92,20.0
26041394.png,223.0,10.0
26071701.png,151.41,7.0
