image_name,canal_detected,canal_area_px
2402-1701_tooth.png,True,541
2402-1701_tooth_2.png,True,420
2402-1701_tooth_4.png,False,0
24021701_tooth.png,True,743
24100639_tooth.png,False,0
25101444_tooth.png,True,1622
25120477_tooth.png,True,660
26020252_tooth.png,True,439
26020433_tooth.png,True,478
26020854_tooth.png,False,0
2603-0501_tooth.png,False,0
26030375_tooth.png,True,612
26030501_tooth.png,True,60
26031506_tooth.png,True,187
26031615_tooth.png,True,580
26031779_tooth.png,True,669
26031782-1_tooth.png,True,42
26031782_tooth.png,True,134
26031826_tooth.png,True,22
26040182_tooth.png,True,153
26040460_tooth.png,False,0
26040832_tooth.png,True,391
26041073_tooth.png,True,442
26041241_tooth.png,True,35
26041293_tooth.png,True,313
26041394_tooth.png,True,499
26041442_tooth.png,True,559
26050235_tooth.png,True,617
26050330_tooth.png,True,710
26050586_tooth.png,True,85
26061142_tooth.png,True,564
26070571_tooth.png,True,342
new_tooth.png,True,729
