filename,area_pixels,perimeter_pixels,centroid_x,centroid_y,orientation_angle_degrees,major_diameter_pixels,minor_diameter_pixels,horizontal_diameter_pixels,vertical_diameter_pixels,mm_per_pixel,major_diameter_mm,minor_diameter_mm,horizontal_diameter_mm,vertical_diameter_mm,perimeter_mm,area_mm2
lesion_mask_L10_clahe_sigmoid.png,22609.5,1372.31,150.06,684.04,-153.11,294.16,213.53,237.0,185.0,0.0354,10.41,7.56,8.39,6.55,48.58,28.33
lesion_mask_L11_clahe_sigmoid.png,16678.0,987.13,133.22,806.83,95.06,199.8,143.03,135.0,197.0,0.0354,7.07,5.06,4.78,6.97,34.94,20.9
lesion_mask_L12_clahe_sigmoid.png,27494.5,1470.93,128.8,690.66,177.23,284.19,198.06,281.0,198.0,0.035,9.95,6.93,9.84,6.93,51.48,33.68
lesion_mask_L13_clahe_sigmoid.png,12476.0,1227.29,195.14,756.43,124.31,233.44,164.98,173.0,222.0,0.0348,8.12,5.74,6.02,7.73,42.71,15.11
lesion_mask_L15_clahe_sigmoid.png,30704.0,1645.06,180.38,811.27,121.13,374.78,195.15,225.0,351.0,0.0351,13.15,6.85,7.9,12.32,57.74,37.83
lesion_mask_L16_clahe_sigmoid.png,19269.5,1227.68,179.23,858.01,115.34,252.57,190.83,180.0,247.0,0.035,8.84,6.68,6.3,8.65,42.97,23.61
lesion_mask_L17_clahe_sigmoid.png,7008.5,786.66,192.32,623.02,104.89,165.01,129.24,128.0,150.0,0.035,5.78,4.52,4.48,5.25,27.53,8.59
lesion_mask_L18_clahe_sigmoid.png,18228.0,963.61,185.05,797.33,-171.67,205.13,172.72,194.0,157.0,0.0351,7.2,6.06,6.81,5.51,33.82,22.46
lesion_mask_L19_clahe_sigmoid.png,6496.5,605.4,163.15,733.01,98.1,166.32,110.29,104.0,166.0,0.0356,5.92,3.93,3.7,5.91,21.55,8.23
lesion_mask_L1_clahe_sigmoid.png,55013.5,2073.95,153.72,807.68,83.66,344.43,290.85,281.0,332.0,0.0354,12.19,10.3,9.95,11.75,73.42,68.94
lesion_mask_L20_clahe_sigmoid.png,9320.5,647.89,190.97,787.3,119.04,213.09,88.89,139.0,181.0,0.0353,7.52,3.14,4.91,6.39,22.87,11.61
lesion_mask_L21_clahe_sigmoid.png,29324.5,2248.66,138.77,473.53,70.88,412.91,250.64,258.0,421.0,0.035,14.45,8.77,9.03,14.74,78.7,35.92
lesion_mask_L22_clahe_sigmoid.png,45625.5,1850.56,105.14,955.3,82.84,549.38,221.51,208.0,542.0,0.0354,19.45,7.84,7.36,19.19,65.51,57.18
lesion_mask_L23_clahe_sigmoid.png,18403.0,1309.23,144.24,554.88,174.53,246.07,159.28,248.0,149.0,0.035,8.61,5.57,8.68,5.22,45.82,22.54
lesion_mask_L24_clahe_sigmoid.png,18468.0,2184.08,231.07,620.64,112.59,339.09,188.21,218.0,319.0,0.0347,11.77,6.53,7.56,11.07,75.79,22.24
lesion_mask_L25_clahe_sigmoid.png,13872.0,1366.69,210.07,654.32,117.85,298.57,154.93,174.0,277.0,0.0352,10.51,5.45,6.12,9.75,48.11,17.19
lesion_mask_L26_clahe_sigmoid.png,3024.5,547.81,156.24,662.35,85.21,210.78,33.12,49.0,208.0,0.0351,7.4,1.16,1.72,7.3,19.23,3.73
lesion_mask_L27_clahe_sigmoid.png,7444.0,574.96,163.74,776.59,94.84,134.99,109.02,105.0,132.0,0.035,4.72,3.82,3.68,4.62,20.12,9.12
lesion_mask_L28_clahe_sigmoid.png,15781.0,693.79,139.41,826.64,117.96,181.17,159.28,153.0,164.0,0.0349,6.32,5.56,5.34,5.72,24.21,19.22
lesion_mask_L29_clahe_sigmoid.png,46614.5,2166.6,146.41,698.37,-136.51,475.05,273.29,373.0,385.0,0.0347,16.48,9.48,12.94,13.36,75.18,56.13
lesion_mask_L2_clahe_sigmoid.png,33611.0,2375.82,233.23,1002.52,63.52,432.36,292.18,274.0,358.0,0.035,15.13,10.23,9.59,12.53,83.15,41.17
lesion_mask_L30_clahe_sigmoid.png,16030.0,1423.03,113.85,858.73,57.26,276.81,161.51,187.0,239.0,0.0349,9.66,5.64,6.53,8.34,49.66,19.52
lesion_mask_L31_clahe_sigmoid.png,18211.0,1653.03,36.21,626.5,80.63,484.64,116.11,123.0,477.0,0.0353,17.11,4.1,4.34,16.84,58.35,22.69
lesion_mask_L3_clahe_sigmoid.png,18664.5,887.63,117.17,782.77,76.27,252.07,148.93,147.0,248.0,0.0353,8.9,5.26,5.19,8.75,31.33,23.26
lesion_mask_L4_clahe_sigmoid.png,6775.0,1097.21,169.23,646.46,126.44,215.45,151.77,170.0,197.0,0.0351,7.56,5.33,5.97,6.91,38.51,8.35
lesion_mask_L5_clahe_sigmoid.png,18990.5,1387.62,155.41,811.19,118.71,336.62,242.02,215.0,280.0,0.0353,11.88,8.54,7.59,9.88,48.98,23.66
lesion_mask_L6_clahe_sigmoid.png,15479.5,821.69,203.66,632.99,76.28,180.77,151.96,148.0,169.0,0.0349,6.31,5.3,5.17,5.9,28.68,18.85
lesion_mask_L7_clahe_sigmoid.png,66915.5,2590.86,215.86,696.27,84.94,506.7,302.28,297.0,497.0,0.0351,17.79,10.61,10.42,17.44,90.94,82.44
lesion_mask_L8_clahe_sigmoid.png,41307.0,2546.91,148.76,584.22,79.87,440.62,279.72,267.0,414.0,0.0351,15.47,9.82,9.37,14.53,89.4,50.89
lesion_mask_L9_clahe_sigmoid.png,34852.5,1816.58,119.55,907.47,74.86,381.65,210.03,203.0,374.0,0.0353,13.47,7.41,7.17,13.2,64.13,43.43
