fold,image_name,root_id,midline_length_px,actual_wl_mm,predicted_wl_mm,residual_mm,absolute_error_mm
1,2402-1701_tooth.png,R1,98.0454,20.0,22.04813426028309,-2.0481342602830885,2.0481342602830885
2,24021701_tooth.png,R1,109.603,22.0,22.207951727807465,-0.2079517278074654,0.2079517278074654
3,25101444_tooth.png,R1,202.0401,22.5,26.36583834359087,-3.8658383435908696,3.8658383435908696
4,25120477_tooth.png,R1,124.6976,24.5,22.272981877955434,2.2270181220445657,2.2270181220445657
5,26020252_tooth.png,R1,46.5661,19.0,20.824232703985224,-1.8242327039852242,1.8242327039852242
6,26020433_tooth.png,R1,65.5156,24.0,21.02397938378994,2.976020616210061,2.976020616210061
7,2603-0501_tooth.png,R1,16.056,24.0,19.394921101915017,4.605078898084983,4.605078898084983
8,26030375_tooth.png,R1,91.5288,21.5,21.782058794782973,-0.2820587947829729,0.2820587947829729
9,26031506_tooth.png,R1,66.0466,18.5,21.293182621295312,-2.793182621295312,2.793182621295312
10,26031615_tooth.png,R1,70.6358,22.0,21.243850817162027,0.7561491828379729,0.7561491828379729
11,26031779_tooth.png,R1,37.6941,22.0,20.380969679645915,1.619030320354085,1.619030320354085
12,26031782_tooth.png,R1,42.7251,12.0,21.243534164585533,-9.243534164585533,9.243534164585533
13,26040182_tooth.png,R1,27.2744,20.5,20.233463520055498,0.26653647994450225,0.26653647994450225
14,26040832_tooth.png,R1,51.9174,24.0,20.655221047710345,3.344778952289655,3.344778952289655
15,26041073_tooth.png,R1,72.0874,21.5,21.302197243294945,0.19780275670505532,0.19780275670505532
16,26041241_tooth.png,R1,26.841,24.0,19.832004076023267,4.167995923976733,4.167995923976733
17,26041293_tooth.png,R1,36.3879,20.0,20.514056045496826,-0.5140560454968259,0.5140560454968259
18,26041394_tooth.png,R1,50.8124,10.0,21.451453216440747,-11.451453216440747,11.451453216440747
19,26041442_tooth.png,R1,86.1047,25.0,21.4655921688186,3.534407831181401,3.534407831181401
20,26050235_tooth.png,R1,88.1087,24.5,21.535536227240392,2.9644637727596077,2.9644637727596077
21,26050330_tooth.png,R1,74.4318,22.0,21.33681461253359,0.6631853874664095,0.6631853874664095
22,26061142_tooth.png,R1,64.4006,21.5,21.113116948610042,0.38688305138995815,0.38688305138995815
23,26070571_tooth.png,R1,102.1638,25.0,21.793857835730456,3.2061421642695436,3.2061421642695436
