filename,tooth_index,x1_pct,y1_pct,x2_pct,y2_pct
wl1.jpg,1,0.0450,0.2856,0.4825,0.9269
wl1.jpg,2,0.2500,0.2781,0.7600,0.9193
wl1.jpg,3,0.4625,0.2383,0.9625,0.8134
wl10.jpg,1,0.0225,0.2373,0.2925,0.8568
wl10.jpg,2,0.2075,0.1977,0.4025,0.7927
wl10.jpg,3,0.3575,0.1732,0.5425,0.8229
wl10.jpg,4,0.5750,0.2090,0.6725,0.9001
wl10.jpg,5,0.7175,0.2165,0.9725,0.9170
wl11.jpg,1,0.0525,0.0760,0.3150,0.8492
wl11.jpg,2,0.2775,0.1156,0.5500,0.9813
wl11.jpg,3,0.5175,0.3370,0.7225,0.9780
wl11.jpg,4,0.6825,0.3139,0.9000,0.9648
wl12.jpg,1,0.0175,0.2690,0.3250,0.8771
wl12.jpg,2,0.2525,0.3088,0.6325,0.8809
wl12.jpg,3,0.4625,0.2235,0.8525,0.7767
wl2.jpg,1,0.0725,0.2503,0.2775,0.8626
wl2.jpg,2,0.2700,0.3526,0.5800,0.9404
wl2.jpg,3,0.4950,0.3318,0.8925,0.9043
wl3.jpg,1,0.0225,0.2844,0.4725,0.9100
wl3.jpg,2,0.4425,0.2730,0.8125,0.8740
wl3.jpg,3,0.6425,0.2408,0.9850,0.8133
wl4.jpg,1,0.0600,0.1355,0.3200,0.9615
wl4.jpg,2,0.2750,0.1256,0.4975,0.9780
wl4.jpg,3,0.3850,0.1487,0.6525,0.8954
wl4.jpg,4,0.5300,0.0760,0.8950,0.7302
wl5.jpg,1,0.0175,0.0231,0.3700,0.4894
wl5.jpg,2,0.1300,0.0628,0.5000,0.5820
wl5.jpg,3,0.2825,0.0033,0.8100,0.7904
wl5.jpg,4,0.5225,0.1620,0.9375,0.8003
wl6.jpg,1,0.0225,0.0463,0.2625,0.7467
wl6.jpg,2,0.2650,0.0264,0.4200,0.7633
wl6.jpg,3,0.3200,0.1520,0.6025,0.8954
wl6.jpg,4,0.5125,0.2313,0.9050,0.9351
wl7.jpg,1,0.0275,0.0066,0.3525,0.5948
wl7.jpg,2,0.2925,0.0132,0.6525,0.7368
wl7.jpg,3,0.4975,0.0363,0.9150,0.8029
wl8.jpg,1,0.0550,0.1983,0.2700,0.8855
wl8.jpg,2,0.2325,0.2214,0.5000,0.8558
wl8.jpg,3,0.4300,0.1718,0.7600,0.8095
wl8.jpg,4,0.6050,0.0826,0.9650,0.5782
wl9.jpg,1,0.0175,0.0363,0.2550,0.8161
wl9.jpg,2,0.1725,0.0958,0.4425,0.9120
wl9.jpg,3,0.3775,0.2346,0.5900,0.9450
wl9.jpg,4,0.5075,0.2478,0.7575,0.9780
wl9.jpg,5,0.6375,0.1916,0.9450,0.9549
wl13.jpg,1,0.0500,0.1684,0.1825,0.8668
wl13.jpg,2,0.2025,0.2858,0.4450,0.9198
wl13.jpg,3,0.4900,0.2915,0.7800,0.8971
