fold,image_name,midline_length_px,actual_wl_mm,predicted_wl_mm,residual_mm,absolute_error_mm,local_intercept_beta_0,local_slope_beta_1,maximum_training_weight,effective_training_samples
1,26041073.jpg,490.6,21.5,21.33914399612189,0.16085600387810928,0.16085600387810928,1.2598535556803228,0.04092802780359064,0.9332631641738043,15.890846363018671
2,24100639.jpg,457.15,20.0,20.00826157724257,-0.00826157724257115,0.00826157724257115,1.6956118477063313,0.040058295372495334,1.0,11.562823135327145
3,26020252.jpg,434.85,19.0,19.146833906368663,-0.14683390636866278,0.14683390636866278,2.0326643270687548,0.039356489776474435,0.9993033538817748,8.180474688231914
4,26040182.jpg,468.3,20.5,20.448501228293967,0.0514987717060329,0.0514987717060329,1.5939711719367509,0.04026164863625286,0.9890099478773902,13.690750055013666
5,26031779.jpg,501.75,22.0,21.791853986571414,0.20814601342858552,0.20814601342858552,0.9624780774776944,0.04151345472664419,1.0,16.241974741105437
6,26031615.jpg,512.9,22.0,22.294941008841935,-0.29494100884193486,0.29494100884193486,0.7126776586291008,0.04207889130476279,1.0,17.103971249487024
7,26030501.jpg,546.35,24.0,23.706211649448807,0.2937883505511927,0.2937883505511927,-0.8099689266409307,0.044872665097629244,1.0,14.900412822286437
8,26030375.jpg,501.75,21.5,21.836781897863354,-0.33678189786335366,0.33678189786335366,1.125519372406366,0.041278051869371175,1.0,16.241974741105437
9,26040832.png,557.5,24.0,24.286300567243917,-0.2863005672439165,0.2863005672439165,-2.06422444053684,0.04726551570902378,1.0,13.013998267410628
10,25101444.jpg,512.9,22.5,22.252779092027904,0.24722090797209617,0.24722090797209617,0.5802101588891979,0.04225495990083585,1.0,17.103971249487024
11,2402-1701.png,457.15,20.0,20.008261577242564,-0.008261577242564044,0.008261577242564044,1.6956118477063242,0.040058295372495334,1.0,11.562823135327143
12,24021701.png,502.75,22.0,21.836820302059802,0.1631796979401976,0.1631796979401976,0.9455477585103083,0.0415539980975624,0.9994445987368581,16.298212200468445
13,26040460.jpg,510.9,22.0,22.20434013676965,-0.20434013676964824,0.20434013676964824,0.7672883383157831,0.04195938891848477,0.9977802450856064,16.925526120673155
14,26030501.png,546.35,22.5,23.841534663727366,-1.3415346637273657,1.3415346637273657,-1.4711444949306696,0.046330519188538546,1.0,14.900412822286437
15,2603-0501.png,556.0,24.0,24.203691654833776,-0.20369165483377571,0.20369165483377571,-1.8202540209577336,0.0468056576902725,0.9987507809245809,13.235844695484118
16,26050235.png,557.5,24.5,24.222711336401424,0.2772886635985756,0.2772886635985756,-1.3857165769867308,0.04593439984464243,1.0,13.01399826741063
17,26020854.png,541.89,23.5,23.530332366193218,-0.030332366193217553,0.030332366193217553,-0.6696402684386946,0.04465845952985276,0.9890099478773902,15.739293077259683
18,26050330.png,508.44,22.0,22.093159286535574,-0.09315928653557393,0.09315928653557393,0.8285832225938776,0.04182317690178133,0.9966436451938474,16.711400648852162
19,25120477.png,557.5,24.5,24.22271133640142,0.2772886635985792,0.2772886635985792,-1.3857165769867201,0.045934399844642405,1.0,13.013998267410628
20,26031782-1.png,435.97,19.5,19.06171641579717,0.43828358420282854,0.43828358420282854,0.612778106527319,0.042316990410509556,0.9993033538817748,8.322128897351917
21,26031782.png,278.75,12.0,12.352952955464126,-0.35295295546412575,0.35295295546412575,0.5882871039513464,0.04220507928793822,0.1778701678570409,1.0014996948107442
22,26041442.png,568.65,25.0,24.760327011245394,0.23967298875460585,0.23967298875460585,-1.9820118788054835,0.04702776556766179,0.9332631641738043,11.740613903450535
23,26041293.png,463.84,20.0,20.308000710991607,-0.30800071099160675,0.30800071099160675,1.8116362890019886,0.039876604911153885,0.9890099478773902,12.839721179236433
24,26031506.png,423.7,18.5,18.784597079524026,-0.28459707952402624,0.28459707952402624,3.043332532715894,0.037151910660392105,0.9332631641738036,6.902902015353674
25,26041241.png,546.35,24.0,23.7062116494488,0.2937883505511998,0.2937883505511998,-0.8099689266409307,0.04487266509762923,1.0,14.900412822286437
26,26020433.jpg,546.9,24.0,23.733471526557295,0.2665284734427047,0.2665284734427047,-0.8483322434050073,0.044947529292306276,0.9998319585649883,14.797547512284554
27,26031826.png,613.25,27.0,27.473210357021436,-0.4732103570214363,0.4732103570214363,-7.408673123915811,0.056880364420607,0.3311814425831189,7.874608342559625
28,26050586.png,454.92,20.0,19.906849678795936,0.09315032120406386,0.09315032120406386,1.6279950721668932,0.04018037150846092,0.9972410905827679,11.159335761794923
29,26041394.png,223.0,10.0,9.810978482455106,0.18902151754489438,0.18902151754489438,1.0548924034245744,0.039264959995652604,0.1778701678570409,1.5894912900215659
30,26071701.png,151.41,7.0,7.4317488789237,-0.43174887892369984,0.43174887892369984,1.9999999999997904,0.03587443946188435,0.058001095024052804,1.0042189818994802
