filename,tooth_axis_angle_degrees,lesion_axis_angle_degrees,relative_orientation_degrees,lesion_side,distance_to_tooth_axis_pixels,lesion_centroid_x,lesion_centroid_y,projection_x,projection_y
L10_clahe_sigmoid.png,-0.0,-153.11,63.11,Left,10.06,150.06,684.04,140.0,684.04
L11_clahe_sigmoid.png,-0.0,95.06,5.06,Right,6.78,133.22,806.83,140.0,806.83
L12_clahe_sigmoid.png,-0.0,177.23,87.23,Right,11.2,128.8,690.66,140.0,690.66
L13_clahe_sigmoid.png,0.0,124.31,34.31,Right,10.14,195.14,756.43,185.0,756.43
L15_clahe_sigmoid.png,-0.0,121.13,31.13,Left,40.38,180.38,811.27,140.0,811.27
L16_clahe_sigmoid.png,-0.0,115.34,25.34,Left,39.23,179.23,858.01,140.0,858.01
L17_clahe_sigmoid.png,-7.34,104.89,7.56,Right,4.75,192.32,623.02,187.61,622.41
L18_clahe_sigmoid.png,-1.93,-171.67,83.61,Right,43.29,185.05,797.33,141.79,795.87
L19_clahe_sigmoid.png,-1.64,98.1,6.46,Right,22.06,163.15,733.01,141.1,732.38
L1_clahe_sigmoid.png,-0.0,83.66,6.34,Left,13.72,153.72,807.68,140.0,807.68
L20_clahe_sigmoid.png,-1.27,119.04,27.76,Right,50.82,190.97,787.3,140.17,786.17
L21_clahe_sigmoid.png,0.0,70.88,19.12,Left,47.23,138.77,473.53,186.0,473.53
L22_clahe_sigmoid.png,-0.0,82.84,7.16,Right,34.86,105.14,955.3,140.0,955.3
L23_clahe_sigmoid.png,3.89,174.53,88.43,Left,8.01,144.24,554.88,136.24,555.42
L24_clahe_sigmoid.png,0.0,112.59,22.59,Right,45.07,231.07,620.64,186.0,620.64
L25_clahe_sigmoid.png,-0.0,117.85,27.85,Left,25.07,210.07,654.32,185.0,654.32
L26_clahe_sigmoid.png,-1.52,85.21,6.31,Left,28.03,156.24,662.35,184.26,663.09
L27_clahe_sigmoid.png,-9.56,94.84,4.71,Right,3.85,163.74,776.59,159.94,775.95
L28_clahe_sigmoid.png,-0.0,117.96,27.96,Right,0.59,139.41,826.64,140.0,826.64
L29_clahe_sigmoid.png,-0.0,-136.51,46.51,Right,39.59,146.41,698.37,186.0,698.37
L2_clahe_sigmoid.png,-0.0,63.52,26.48,Left,17.23,233.23,1002.52,216.0,1002.52
L30_clahe_sigmoid.png,-0.0,57.26,32.74,Right,26.15,113.85,858.73,140.0,858.73
L31_clahe_sigmoid.png,-0.0,80.63,9.37,Right,103.79,36.21,626.5,140.0,626.5
L3_clahe_sigmoid.png,-0.0,76.27,13.73,Right,22.83,117.17,782.77,140.0,782.77
L4_clahe_sigmoid.png,-0.0,126.44,36.44,Left,29.23,169.23,646.46,140.0,646.46
L5_clahe_sigmoid.png,-0.0,118.71,28.71,Left,15.41,155.41,811.19,140.0,811.19
L6_clahe_sigmoid.png,-0.0,76.28,13.72,Left,18.66,203.66,632.99,185.0,632.99
L7_clahe_sigmoid.png,-0.0,84.94,5.06,Right,1.14,215.86,696.27,217.0,696.27
L8_clahe_sigmoid.png,-0.0,79.87,10.13,Left,8.76,148.76,584.22,140.0,584.22
L9_clahe_sigmoid.png,-0.0,74.86,15.14,Right,20.45,119.55,907.47,140.0,907.47
