Label,Lesion_Detection,lesion_Diameter,lesion_orientation
L1,1,,
L2,1,,
L3,1,,
L4,1,,
L5,1,,
L6,0,0,
L7,1,,
L8,1,,
L9,1,,
L10,1,,
L11,1,,
L12,1,,
L13,1,,
L14,1,,
L15,1,,
L16,1,,
L17,1,,
L18,0,0,
L19,0,0,
L20,1,,
L21,1,,
L22,1,,
L23,1,,
L24,1,,
L25,1,,
L26,1,,
L27,1,,
L28,1,,
L29,0,0,
L30,1,,
L31,0,0,
L34,1,,
L35,1,,
L37,1,,
L39,1,,
L40,1,,
L41,0,0,
L42,1,,
L43,1,,
L44,1,,
L45,1,,
L46,1,,
L47,1,,
L48,1,,
L49,1,,
L50,1,,
L51,1,,
L52,1,,
L53,1,,
L54,1,,
L55,1,,
L56,1,,
L57,1,,
L58,1,,
L59,1,,
L60,1,,
L61,1,,
L63,0,0,
L65,0,0,
L66,0,0,
L67,0,0,
L68,0,0,
L69,0,0,
L70,0,0,
L71,0,0,
L72,0,0,
L73,0,0,
L74,0,0,
L75,,,
L76,0,0,
L77,0,0,
L78,0,0,
L79,0,0,
L80,0,0,
L81,0,0,
L82,0,0,
L83,0,0,
L84,0,0,
L85,1,,
L86,0,0,
L87,0,0,