image_name,root_id,midline_length_px,actual_wl_mm
2402-1701_tooth.png,R1,98.0454,20.0
24021701_tooth.png,R1,109.603,22.0
25101444_tooth.png,R1,202.0401,22.5
25120477_tooth.png,R1,124.6976,24.5
26020252_tooth.png,R1,46.5661,19.0
26020433_tooth.png,R1,65.5156,24.0
2603-0501_tooth.png,R1,16.056,24.0
26030375_tooth.png,R1,91.5288,21.5
26031506_tooth.png,R1,66.0466,18.5
26031615_tooth.png,R1,70.6358,22.0
26031779_tooth.png,R1,37.6941,22.0
26031782_tooth.png,R1,42.7251,12.0
26040182_tooth.png,R1,27.2744,20.5
26040832_tooth.png,R1,51.9174,24.0
26041073_tooth.png,R1,72.0874,21.5
26041241_tooth.png,R1,26.841,24.0
26041293_tooth.png,R1,36.3879,20.0
26041394_tooth.png,R1,50.8124,10.0
26041442_tooth.png,R1,86.1047,25.0
26050235_tooth.png,R1,88.1087,24.5
26050330_tooth.png,R1,74.4318,22.0
26061142_tooth.png,R1,64.4006,21.5
26070571_tooth.png,R1,102.1638,25.0
