loo_test_index,image_name,actual_label,actual_label_name,predicted_label,predicted_label_name,is_correct,absolute_label_error
0,frac01.jpg,3,Irregular localized widening,3,Irregular localized widening,True,0
1,frac02.jpg,2,Side-dominant widening,1,Uniform widening,False,1
2,frac03.jpg,3,Irregular localized widening,3,Irregular localized widening,True,0
3,frac04.jpg,1,Uniform widening,3,Irregular localized widening,False,2
4,frac05.jpg,3,Irregular localized widening,1,Uniform widening,False,2
5,frac06.jpg,1,Uniform widening,3,Irregular localized widening,False,2
6,frac07.jpg,1,Uniform widening,3,Irregular localized widening,False,2
7,frac08.jpg,3,Irregular localized widening,2,Side-dominant widening,False,1
8,frac09.jpg,1,Uniform widening,2,Side-dominant widening,False,1
9,frac10.jpg,1,Uniform widening,2,Side-dominant widening,False,1
10,frac11.jpg,1,Uniform widening,2,Side-dominant widening,False,1
11,frac12.jpg,3,Irregular localized widening,3,Irregular localized widening,True,0
12,frac13.jpg,3,Irregular localized widening,3,Irregular localized widening,True,0
13,frac14.jpg,3,Irregular localized widening,3,Irregular localized widening,True,0
14,frac15.jpg,3,Irregular localized widening,3,Irregular localized widening,True,0
15,frac16.jpg,3,Irregular localized widening,3,Irregular localized widening,True,0
16,frac17.jpg,1,Uniform widening,1,Uniform widening,True,0
17,frac18.jpg,3,Irregular localized widening,1,Uniform widening,False,2
18,frac19.jpg,3,Irregular localized widening,3,Irregular localized widening,True,0
19,frac20.jpg,2,Side-dominant widening,3,Irregular localized widening,False,1
20,frac21.jpg,1,Uniform widening,2,Side-dominant widening,False,1
21,frac22.jpg,2,Side-dominant widening,3,Irregular localized widening,False,1
22,frac23.jpg,2,Side-dominant widening,1,Uniform widening,False,1
23,frac24.jpg,3,Irregular localized widening,1,Uniform widening,False,2
24,frac25.jpg,3,Irregular localized widening,3,Irregular localized widening,True,0
25,frac26.jpg,3,Irregular localized widening,2,Side-dominant widening,False,1
26,frac27.jpg,3,Irregular localized widening,1,Uniform widening,False,2
27,frac28.jpg,3,Irregular localized widening,3,Irregular localized widening,True,0
28,frac29.jpg,3,Irregular localized widening,1,Uniform widening,False,2
29,frac30.jpg,3,Irregular localized widening,2,Side-dominant widening,False,1
30,frac31.jpg,1,Uniform widening,1,Uniform widening,True,0
31,frac32.jpg,2,Side-dominant widening,1,Uniform widening,False,1
32,frac33.jpg,3,Irregular localized widening,1,Uniform widening,False,2
33,frac34.jpg,1,Uniform widening,1,Uniform widening,True,0
