y_position,normalized_y,root_width_px,root_width_smoothed_px,left_width_raw_px,right_width_raw_px,left_width_smoothed_px,right_width_smoothed_px,overall_width_px,asymmetry_px,left_width_normalized,right_width_normalized,overall_width_normalized,asymmetry_normalized,side_profile,width_spike,asymmetry_spike
0,0.0,151.0,151.0,24.0,0.0,24.0,0.0,12.0,24.0,0.1589404,0.0,0.0794702,0.1589404,-1,0,0
1,0.0020533882,152.0,151.0,24.0,0.0,24.0,0.0,12.0,24.0,0.1589404,0.0,0.0794702,0.1589404,-1,0,0
2,0.0041067763,149.0,149.0,23.0,0.0,24.0,0.0,12.0,24.0,0.16107382,0.0,0.08053691,0.16107382,-1,0,0
3,0.0061601643,148.0,149.0,24.0,0.0,24.0,0.0,12.0,24.0,0.16107382,0.0,0.08053691,0.16107382,-1,0,0
4,0.008213553,152.0,150.0,24.0,0.0,24.0,0.0,12.0,24.0,0.16,0.0,0.08,0.16,-1,0,0
5,0.01026694,150.0,150.0,4.0,0.0,4.0,0.0,2.0,4.0,0.026666667,0.0,0.013333334,0.026666667,0,0,0
6,0.0123203285,150.0,150.0,4.0,0.0,4.0,0.0,2.0,4.0,0.026666667,0.0,0.013333334,0.026666667,0,0,0
7,0.014373717,149.0,149.0,27.0,0.0,19.0,0.0,9.5,19.0,0.12751678,0.0,0.06375839,0.12751678,-1,0,0
8,0.016427105,149.0,149.0,19.0,0.0,19.0,0.0,9.5,19.0,0.12751678,0.0,0.06375839,0.12751678,-1,0,0
9,0.018480493,149.0,149.0,1.0,0.0,18.0,0.0,9.0,18.0,0.12080537,0.0,0.060402684,0.12080537,-1,0,0
10,0.02053388,149.0,149.0,18.0,0.0,18.0,0.0,9.0,18.0,0.12080537,0.0,0.060402684,0.12080537,-1,0,0
11,0.02258727,149.0,149.0,21.0,0.0,18.0,0.0,9.0,18.0,0.12080537,0.0,0.060402684,0.12080537,-1,0,0
12,0.024640657,148.0,148.0,18.0,0.0,20.0,0.0,10.0,20.0,0.13513513,0.0,0.067567565,0.13513513,-1,0,0
13,0.026694044,148.0,148.0,20.0,0.0,20.0,0.0,10.0,20.0,0.13513513,0.0,0.067567565,0.13513513,-1,0,0
14,0.028747434,148.0,148.0,21.0,0.0,20.0,0.0,10.0,20.0,0.13513513,0.0,0.067567565,0.13513513,-1,0,0
15,0.030800821,149.0,149.0,18.0,0.0,21.0,0.0,10.5,21.0,0.1409396,0.0,0.0704698,0.1409396,-1,0,0
16,0.03285421,149.0,149.0,21.0,0.0,21.0,0.0,10.5,21.0,0.1409396,0.0,0.0704698,0.1409396,-1,0,0
17,0.034907598,149.0,149.0,21.0,0.0,21.0,0.0,10.5,21.0,0.1409396,0.0,0.0704698,0.1409396,-1,0,0
18,0.036960986,149.0,149.0,22.0,0.0,22.0,0.0,11.0,22.0,0.147651,0.0,0.0738255,0.147651,-1,0,0
19,0.039014373,149.0,149.0,22.0,0.0,22.0,0.0,11.0,22.0,0.147651,0.0,0.0738255,0.147651,-1,0,0
20,0.04106776,149.0,149.0,22.0,0.0,22.0,0.0,11.0,22.0,0.147651,0.0,0.0738255,0.147651,-1,0,0
21,0.04312115,149.0,149.0,20.0,0.0,22.0,0.0,11.0,22.0,0.147651,0.0,0.0738255,0.147651,-1,0,0
22,0.04517454,149.0,149.0,22.0,0.0,21.0,0.0,10.5,21.0,0.1409396,0.0,0.0704698,0.1409396,-1,0,0
23,0.047227927,149.0,149.0,21.0,0.0,22.0,0.0,11.0,22.0,0.147651,0.0,0.0738255,0.147651,-1,0,0
24,0.049281314,149.0,149.0,26.0,0.0,24.0,0.0,12.0,24.0,0.16107382,0.0,0.08053691,0.16107382,-1,0,0
25,0.0513347,150.0,150.0,24.0,0.0,24.0,0.0,12.0,24.0,0.16,0.0,0.08,0.16,-1,0,0
26,0.05338809,151.0,151.0,23.0,0.0,23.0,0.0,11.5,23.0,0.15231788,0.0,0.07615894,0.15231788,-1,0,0
27,0.05544148,151.0,151.0,23.0,0.0,23.0,0.0,11.5,23.0,0.15231788,0.0,0.07615894,0.15231788,-1,0,0
28,0.057494868,151.0,151.0,24.0,0.0,23.0,0.0,11.5,23.0,0.15231788,0.0,0.07615894,0.15231788,-1,0,0
29,0.059548255,149.0,151.0,23.0,0.0,24.0,0.0,12.0,24.0,0.1589404,0.0,0.0794702,0.1589404,-1,0,0
30,0.061601643,151.0,149.0,24.0,0.0,24.0,0.0,12.0,24.0,0.16107382,0.0,0.08053691,0.16107382,-1,0,0
31,0.06365503,149.0,149.0,24.0,0.0,24.0,0.0,12.0,24.0,0.16107382,0.0,0.08053691,0.16107382,-1,0,0
32,0.06570842,149.0,149.0,24.0,0.0,24.0,0.0,12.0,24.0,0.16107382,0.0,0.08053691,0.16107382,-1,0,0
33,0.06776181,149.0,149.0,24.0,0.0,24.0,0.0,12.0,24.0,0.16107382,0.0,0.08053691,0.16107382,-1,0,0
34,0.069815196,149.0,149.0,24.0,0.0,24.0,0.0,12.0,24.0,0.16107382,0.0,0.08053691,0.16107382,-1,0,0
35,0.07186858,149.0,149.0,24.0,0.0,24.0,0.0,12.0,24.0,0.16107382,0.0,0.08053691,0.16107382,-1,0,0
36,0.07392197,149.0,149.0,24.0,0.0,24.0,0.0,12.0,24.0,0.16107382,0.0,0.08053691,0.16107382,-1,0,0
37,0.07597536,149.0,149.0,24.0,0.0,24.0,0.0,12.0,24.0,0.16107382,0.0,0.08053691,0.16107382,-1,0,0
38,0.078028746,149.0,149.0,24.0,0.0,24.0,0.0,12.0,24.0,0.16107382,0.0,0.08053691,0.16107382,-1,0,0
39,0.08008213,149.0,149.0,24.0,0.0,24.0,0.0,12.0,24.0,0.16107382,0.0,0.08053691,0.16107382,-1,0,0
40,0.08213552,149.0,149.0,24.0,0.0,24.0,0.0,12.0,24.0,0.16107382,0.0,0.08053691,0.16107382,-1,0,0
41,0.08418891,151.0,151.0,23.0,0.0,24.0,0.0,12.0,24.0,0.1589404,0.0,0.0794702,0.1589404,-1,0,0
42,0.0862423,152.0,151.0,24.0,0.0,23.0,0.0,11.5,23.0,0.15231788,0.0,0.07615894,0.15231788,-1,0,0
43,0.08829569,151.0,152.0,23.0,0.0,24.0,0.0,12.0,24.0,0.15789473,0.0,0.078947365,0.15789473,-1,0,0
44,0.09034908,152.0,151.0,24.0,0.0,23.0,0.0,11.5,23.0,0.15231788,0.0,0.07615894,0.15231788,-1,0,0
45,0.092402466,150.0,151.0,23.0,0.0,24.0,0.0,12.0,24.0,0.1589404,0.0,0.0794702,0.1589404,-1,0,0
46,0.09445585,151.0,150.0,24.0,0.0,24.0,0.0,12.0,24.0,0.16,0.0,0.08,0.16,-1,0,0
47,0.09650924,149.0,149.0,24.0,0.0,24.0,0.0,12.0,24.0,0.16107382,0.0,0.08053691,0.16107382,-1,0,0
48,0.09856263,149.0,149.0,24.0,0.0,24.0,0.0,12.0,24.0,0.16107382,0.0,0.08053691,0.16107382,-1,0,0
49,0.100616015,149.0,149.0,24.0,0.0,24.0,0.0,12.0,24.0,0.16107382,0.0,0.08053691,0.16107382,-1,0,0
50,0.1026694,149.0,149.0,23.0,0.0,24.0,0.0,12.0,24.0,0.16107382,0.0,0.08053691,0.16107382,-1,0,0
51,0.10472279,149.0,149.0,24.0,0.0,24.0,0.0,12.0,24.0,0.16107382,0.0,0.08053691,0.16107382,-1,0,0
52,0.10677618,149.0,149.0,24.0,0.0,24.0,0.0,12.0,24.0,0.16107382,0.0,0.08053691,0.16107382,-1,0,0
53,0.108829565,149.0,149.0,24.0,0.0,24.0,0.0,12.0,24.0,0.16107382,0.0,0.08053691,0.16107382,-1,0,0
54,0.11088296,149.0,149.0,23.0,0.0,24.0,0.0,12.0,24.0,0.16107382,0.0,0.08053691,0.16107382,-1,0,0
55,0.11293635,149.0,149.0,24.0,0.0,24.0,0.0,12.0,24.0,0.16107382,0.0,0.08053691,0.16107382,-1,0,0
56,0.114989735,149.0,149.0,24.0,6.0,24.0,6.0,15.0,18.0,0.16107382,0.040268455,0.100671135,0.12080537,-1,0,0
57,0.11704312,149.0,149.0,22.0,7.0,24.0,7.0,15.5,17.0,0.16107382,0.046979867,0.10402684,0.11409395,-1,0,0
58,0.11909651,149.0,149.0,24.0,8.0,24.0,8.0,16.0,16.0,0.16107382,0.053691275,0.10738255,0.10738254,-1,0,0
59,0.1211499,149.0,149.0,24.0,10.0,24.0,8.0,16.0,16.0,0.16107382,0.053691275,0.10738255,0.10738254,-1,0,0
60,0.123203285,149.0,149.0,23.0,5.0,24.0,5.0,14.5,19.0,0.16107382,0.033557046,0.09731543,0.12751678,-1,0,0
61,0.12525667,149.0,149.0,24.0,2.0,24.0,5.0,14.5,19.0,0.16107382,0.033557046,0.09731543,0.12751678,-1,0,0
62,0.12731007,149.0,149.0,24.0,6.0,24.0,6.0,15.0,18.0,0.16107382,0.040268455,0.100671135,0.12080537,-1,0,0
63,0.12936345,149.0,149.0,24.0,6.0,24.0,6.0,15.0,18.0,0.16107382,0.040268455,0.100671135,0.12080537,-1,0,0
64,0.13141684,149.0,149.0,24.0,4.0,24.0,4.0,14.0,20.0,0.16107382,0.026845638,0.09395973,0.13422818,-1,0,0
65,0.13347022,149.0,149.0,23.0,4.0,24.0,4.0,14.0,20.0,0.16107382,0.026845638,0.09395973,0.13422818,-1,0,0
66,0.13552362,149.0,149.0,24.0,4.0,24.0,4.0,14.0,20.0,0.16107382,0.026845638,0.09395973,0.13422818,-1,0,0
67,0.137577,149.0,149.0,24.0,4.0,24.0,4.0,14.0,20.0,0.16107382,0.026845638,0.09395973,0.13422818,-1,0,0
68,0.13963039,149.0,149.0,23.0,4.0,24.0,4.0,14.0,20.0,0.16107382,0.026845638,0.09395973,0.13422818,-1,0,0
69,0.14168377,149.0,149.0,24.0,4.0,24.0,4.0,14.0,20.0,0.16107382,0.026845638,0.09395973,0.13422818,-1,0,0
70,0.14373717,149.0,149.0,24.0,4.0,24.0,4.0,14.0,20.0,0.16107382,0.026845638,0.09395973,0.13422818,-1,0,0
71,0.14579055,149.0,149.0,23.0,4.0,23.0,4.0,13.5,19.0,0.15436241,0.026845638,0.09060402,0.12751678,-1,0,0
72,0.14784394,148.0,148.0,22.0,5.0,22.0,5.0,13.5,17.0,0.14864865,0.033783782,0.091216214,0.11486487,-1,0,0
73,0.14989734,148.0,148.0,20.0,5.0,22.0,5.0,13.5,17.0,0.14864865,0.033783782,0.091216214,0.11486487,-1,0,0
74,0.15195072,148.0,148.0,23.0,5.0,20.0,5.0,12.5,15.0,0.13513513,0.033783782,0.084459454,0.10135135,-1,0,0
75,0.15400411,148.0,148.0,20.0,5.0,20.0,5.0,12.5,15.0,0.13513513,0.033783782,0.084459454,0.10135135,-1,0,0
76,0.15605749,148.0,148.0,20.0,5.0,20.0,5.0,12.5,15.0,0.13513513,0.033783782,0.084459454,0.10135135,-1,0,0
77,0.15811089,148.0,148.0,23.0,5.0,20.0,5.0,12.5,15.0,0.13513513,0.033783782,0.084459454,0.10135135,-1,0,0
78,0.16016427,148.0,148.0,20.0,5.0,22.0,5.0,13.5,17.0,0.14864865,0.033783782,0.091216214,0.11486487,-1,0,0
79,0.16221766,148.0,148.0,22.0,5.0,22.0,5.0,13.5,17.0,0.14864865,0.033783782,0.091216214,0.11486487,-1,0,0
80,0.16427104,148.0,148.0,24.0,5.0,23.0,5.0,14.0,18.0,0.1554054,0.033783782,0.09459459,0.12162162,-1,0,0
81,0.16632444,148.0,148.0,23.0,5.0,24.0,5.0,14.5,19.0,0.16216215,0.033783782,0.09797297,0.12837838,-1,0,0
82,0.16837782,148.0,148.0,24.0,5.0,24.0,5.0,14.5,19.0,0.16216215,0.033783782,0.09797297,0.12837838,-1,0,0
83,0.17043121,148.0,148.0,24.0,5.0,24.0,5.0,14.5,19.0,0.16216215,0.033783782,0.09797297,0.12837838,-1,0,0
84,0.1724846,148.0,148.0,23.0,5.0,24.0,5.0,14.5,19.0,0.16216215,0.033783782,0.09797297,0.12837838,-1,0,0
85,0.17453799,148.0,148.0,24.0,5.0,23.0,5.0,14.0,18.0,0.1554054,0.033783782,0.09459459,0.12162162,-1,0,0
86,0.17659138,148.0,148.0,23.0,5.0,23.0,5.0,14.0,18.0,0.1554054,0.033783782,0.09459459,0.12162162,-1,0,0
87,0.17864476,148.0,148.0,21.0,5.0,23.0,5.0,14.0,18.0,0.1554054,0.033783782,0.09459459,0.12162162,-1,0,0
88,0.18069816,148.0,148.0,24.0,5.0,21.0,5.0,13.0,16.0,0.1418919,0.033783782,0.08783784,0.10810812,-1,0,0
89,0.18275154,148.0,148.0,20.0,5.0,24.0,5.0,14.5,19.0,0.16216215,0.033783782,0.09797297,0.12837838,-1,0,0
90,0.18480493,148.0,148.0,24.0,5.0,20.0,5.0,12.5,15.0,0.13513513,0.033783782,0.084459454,0.10135135,-1,0,0
91,0.18685831,147.0,148.0,20.0,5.0,20.0,5.0,12.5,15.0,0.13513513,0.033783782,0.084459454,0.10135135,-1,0,0
92,0.1889117,148.0,147.0,16.0,5.0,20.0,5.0,12.5,15.0,0.13605443,0.034013607,0.08503401,0.10204082,-1,0,0
93,0.19096509,147.0,147.0,22.0,5.0,20.0,5.0,12.5,15.0,0.13605443,0.034013607,0.08503401,0.10204082,-1,0,0
94,0.19301848,147.0,147.0,20.0,5.0,22.0,5.0,13.5,17.0,0.14965986,0.034013607,0.091836736,0.11564625,-1,0,0
95,0.19507186,147.0,147.0,23.0,5.0,20.0,5.0,12.5,15.0,0.13605443,0.034013607,0.08503401,0.10204082,-1,0,0
96,0.19712526,147.0,147.0,17.0,5.0,17.0,5.0,11.0,12.0,0.11564626,0.034013607,0.074829936,0.08163265,-1,0,0
97,0.19917865,147.0,147.0,17.0,5.0,17.0,5.0,11.0,12.0,0.11564626,0.034013607,0.074829936,0.08163265,-1,0,0
98,0.20123203,147.0,147.0,16.0,5.0,16.0,5.0,10.5,11.0,0.108843535,0.034013607,0.07142857,0.07482993,-1,0,0
99,0.20328543,147.0,147.0,15.0,5.0,16.0,5.0,10.5,11.0,0.108843535,0.034013607,0.07142857,0.07482993,-1,0,0
100,0.2053388,147.0,147.0,16.0,5.0,15.0,5.0,10.0,10.0,0.10204082,0.034013607,0.06802721,0.06802721,-1,0,0
101,0.2073922,147.0,147.0,13.0,5.0,16.0,5.0,10.5,11.0,0.108843535,0.034013607,0.07142857,0.07482993,-1,0,0
102,0.20944558,147.0,147.0,16.0,5.0,16.0,5.0,10.5,11.0,0.108843535,0.034013607,0.07142857,0.07482993,-1,0,0
103,0.21149898,147.0,147.0,16.0,5.0,16.0,5.0,10.5,11.0,0.108843535,0.034013607,0.07142857,0.07482993,-1,0,0
104,0.21355236,147.0,147.0,15.0,5.0,15.0,5.0,10.0,10.0,0.10204082,0.034013607,0.06802721,0.06802721,-1,0,0
105,0.21560575,148.0,147.0,14.0,5.0,15.0,5.0,10.0,10.0,0.10204082,0.034013607,0.06802721,0.06802721,-1,0,0
106,0.21765913,147.0,148.0,15.0,5.0,14.0,5.0,9.5,9.0,0.0945946,0.033783782,0.06418919,0.060810816,-1,0,0
107,0.21971253,148.0,147.0,14.0,5.0,15.0,5.0,10.0,10.0,0.10204082,0.034013607,0.06802721,0.06802721,-1,0,0
108,0.22176592,147.0,148.0,15.0,5.0,14.0,5.0,9.5,9.0,0.0945946,0.033783782,0.06418919,0.060810816,-1,0,0
109,0.2238193,148.0,147.0,14.0,5.0,15.0,5.0,10.0,10.0,0.10204082,0.034013607,0.06802721,0.06802721,-1,0,0
110,0.2258727,147.0,147.0,15.0,5.0,15.0,5.0,10.0,10.0,0.10204082,0.034013607,0.06802721,0.06802721,-1,0,0
111,0.22792608,146.0,147.0,16.0,4.0,16.0,4.0,10.0,12.0,0.108843535,0.027210884,0.06802721,0.08163265,-1,0,0
112,0.22997947,150.0,150.0,26.0,1.0,16.0,2.0,9.0,14.0,0.10666667,0.013333334,0.060000002,0.093333334,-1,0,0
113,0.23203285,150.0,150.0,12.0,2.0,24.0,2.0,13.0,22.0,0.16,0.013333334,0.086666666,0.14666666,-1,0,0
114,0.23408625,151.0,150.0,24.0,2.0,22.0,2.0,12.0,20.0,0.14666666,0.013333334,0.08,0.13333333,-1,0,0
115,0.23613963,150.0,151.0,22.0,2.0,23.0,2.0,12.5,21.0,0.15231788,0.013245033,0.08278146,0.13907285,-1,0,0
116,0.23819302,152.0,150.0,23.0,1.0,23.0,2.0,12.5,21.0,0.15333334,0.013333334,0.083333336,0.14,-1,0,0
117,0.2402464,149.0,151.0,24.0,2.0,23.0,1.0,12.0,22.0,0.15231788,0.0066225166,0.0794702,0.14569536,-1,0,0
118,0.2422998,151.0,149.0,21.0,1.0,24.0,2.0,13.0,22.0,0.16107382,0.013422819,0.08724832,0.147651,-1,0,0
119,0.24435319,144.0,144.0,26.0,4.0,21.0,4.0,12.5,17.0,0.14583333,0.027777778,0.08680555,0.11805555,-1,0,0
120,0.24640657,144.0,144.0,18.0,12.0,19.0,9.0,14.0,10.0,0.13194445,0.0625,0.097222224,0.06944445,-1,0,0
121,0.24845996,144.0,144.0,19.0,9.0,18.0,12.0,15.0,6.0,0.125,0.083333336,0.10416667,0.041666664,-1,0,0
122,0.25051335,144.0,144.0,17.0,13.0,17.0,9.0,13.0,8.0,0.11805555,0.0625,0.090277776,0.055555552,-1,0,0
123,0.25256673,144.0,144.0,12.0,8.0,15.0,8.0,11.5,7.0,0.104166664,0.055555556,0.07986111,0.04861111,-1,0,0
124,0.25462013,144.0,144.0,15.0,5.0,12.0,8.0,10.0,4.0,0.083333336,0.055555556,0.06944445,0.02777778,0,0,0
125,0.2566735,144.0,144.0,12.0,10.0,15.0,8.0,11.5,7.0,0.104166664,0.055555556,0.07986111,0.04861111,-1,0,0
126,0.2587269,144.0,144.0,18.0,8.0,12.0,10.0,11.0,2.0,0.083333336,0.06944445,0.076388896,0.013888888,0,0,0
127,0.26078027,144.0,144.0,12.0,11.0,18.0,8.0,13.0,10.0,0.125,0.055555556,0.090277776,0.06944445,-1,0,0
128,0.26283368,143.0,143.0,18.0,4.0,17.0,4.0,10.5,13.0,0.11888112,0.027972028,0.073426574,0.09090909,-1,0,0
129,0.26488706,143.0,143.0,17.0,4.0,18.0,4.0,11.0,14.0,0.12587413,0.027972028,0.07692308,0.097902104,-1,0,0
130,0.26694044,143.0,143.0,20.0,4.0,19.0,4.0,11.5,15.0,0.13286713,0.027972028,0.08041958,0.1048951,-1,0,0
131,0.26899385,143.0,143.0,19.0,2.0,19.0,3.0,11.0,16.0,0.13286713,0.02097902,0.07692307,0.11188811,-1,0,0
132,0.27104723,143.0,143.0,16.0,3.0,19.0,3.0,11.0,16.0,0.13286713,0.02097902,0.07692307,0.11188811,-1,0,0
133,0.2731006,143.0,143.0,19.0,3.0,16.0,3.0,9.5,13.0,0.11188811,0.02097902,0.066433564,0.09090909,-1,0,0
134,0.275154,143.0,143.0,14.0,4.0,19.0,4.0,11.5,15.0,0.13286713,0.027972028,0.08041958,0.1048951,-1,0,0
135,0.2772074,143.0,143.0,20.0,4.0,20.0,4.0,12.0,16.0,0.13986014,0.027972028,0.08391608,0.11188811,-1,0,0
136,0.27926078,142.0,142.0,21.0,1.0,20.0,4.0,12.0,16.0,0.14084508,0.028169014,0.08450705,0.11267606,-1,0,0
137,0.28131416,142.0,142.0,18.0,4.0,18.0,4.0,11.0,14.0,0.12676056,0.028169014,0.07746479,0.098591544,-1,0,1
138,0.28336754,142.0,142.0,15.0,12.0,17.0,12.0,14.5,5.0,0.11971831,0.08450704,0.10211268,0.035211273,-1,0,0
139,0.28542095,142.0,142.0,17.0,12.0,17.0,12.0,14.5,5.0,0.11971831,0.08450704,0.10211268,0.035211273,-1,0,0
140,0.28747433,142.0,142.0,17.0,7.0,17.0,12.0,14.5,5.0,0.11971831,0.08450704,0.10211268,0.035211273,-1,0,0
141,0.2895277,142.0,142.0,15.0,13.0,17.0,7.0,12.0,10.0,0.11971831,0.049295776,0.08450705,0.07042254,-1,0,1
142,0.2915811,142.0,142.0,18.0,6.0,18.0,13.0,15.5,5.0,0.12676056,0.09154929,0.109154925,0.035211265,-1,0,0
143,0.2936345,142.0,142.0,21.0,13.0,20.0,6.0,13.0,14.0,0.14084508,0.04225352,0.0915493,0.09859155,-1,0,0
144,0.29568788,143.0,142.0,20.0,5.0,20.0,5.0,12.5,15.0,0.14084508,0.03521127,0.08802817,0.10563381,-1,0,0
145,0.29774126,141.0,141.0,16.0,4.0,16.0,4.0,10.0,12.0,0.11347517,0.028368793,0.07092199,0.08510638,-1,0,0
146,0.29979467,141.0,141.0,13.0,3.0,16.0,4.0,10.0,12.0,0.11347517,0.028368793,0.07092199,0.08510638,-1,0,0
147,0.30184805,141.0,141.0,19.0,4.0,14.0,3.0,8.5,11.0,0.09929078,0.021276595,0.060283687,0.07801419,-1,0,0
148,0.30390143,141.0,141.0,14.0,2.0,16.0,2.0,9.0,14.0,0.11347517,0.014184397,0.06382979,0.09929077,-1,0,0
149,0.3059548,147.0,146.0,16.0,2.0,14.0,2.0,8.0,12.0,0.09589041,0.01369863,0.05479452,0.08219178,-1,0,0
150,0.30800822,146.0,147.0,7.0,1.0,10.0,2.0,6.0,8.0,0.06802721,0.013605442,0.04081633,0.05442177,-1,0,0
151,0.3100616,147.0,147.0,10.0,3.0,7.0,1.0,4.0,6.0,0.04761905,0.006802721,0.027210884,0.04081633,-1,0,0
152,0.31211498,147.0,147.0,7.0,0.0,7.0,0.0,3.5,7.0,0.04761905,0.0,0.023809524,0.04761905,-1,0,0
153,0.31416836,145.0,147.0,7.0,0.0,7.0,0.0,3.5,7.0,0.04761905,0.0,0.023809524,0.04761905,-1,0,0
154,0.31622177,147.0,147.0,8.0,0.0,7.0,0.0,3.5,7.0,0.04761905,0.0,0.023809524,0.04761905,-1,0,0
155,0.31827515,147.0,147.0,7.0,0.0,7.0,0.0,3.5,7.0,0.04761905,0.0,0.023809524,0.04761905,-1,0,0
156,0.32032853,147.0,147.0,4.0,0.0,7.0,0.0,3.5,7.0,0.04761905,0.0,0.023809524,0.04761905,-1,0,0
157,0.32238194,146.0,147.0,8.0,0.0,8.0,0.0,4.0,8.0,0.054421768,0.0,0.027210884,0.054421768,-1,0,0
158,0.32443532,147.0,146.0,8.0,0.0,8.0,0.0,4.0,8.0,0.05479452,0.0,0.02739726,0.05479452,-1,0,0
159,0.3264887,145.0,145.0,5.0,0.0,8.0,0.0,4.0,8.0,0.055172414,0.0,0.027586207,0.055172414,-1,0,0
160,0.32854208,139.0,139.0,13.0,1.0,13.0,1.0,7.0,12.0,0.09352518,0.007194245,0.05035971,0.086330935,-1,0,0
161,0.3305955,139.0,139.0,14.0,3.0,13.0,1.0,7.0,12.0,0.09352518,0.007194245,0.05035971,0.086330935,-1,0,0
162,0.33264887,143.0,143.0,9.0,0.0,14.0,0.0,7.0,14.0,0.0979021,0.0,0.04895105,0.0979021,-1,0,0
163,0.33470225,144.0,143.0,14.0,0.0,10.0,0.0,5.0,10.0,0.06993007,0.0,0.034965035,0.06993007,-1,0,0
164,0.33675563,143.0,143.0,10.0,0.0,14.0,0.0,7.0,14.0,0.0979021,0.0,0.04895105,0.0979021,-1,0,0
165,0.33880904,142.0,142.0,14.0,1.0,10.0,0.0,5.0,10.0,0.07042254,0.0,0.03521127,0.07042254,-1,0,0
166,0.34086242,142.0,142.0,10.0,0.0,14.0,1.0,7.5,13.0,0.09859155,0.0070422534,0.0528169,0.0915493,-1,0,0
167,0.3429158,141.0,141.0,14.0,2.0,14.0,2.0,8.0,12.0,0.09929078,0.014184397,0.056737587,0.08510639,-1,0,0
168,0.3449692,139.0,140.0,14.0,3.0,14.0,3.0,8.5,11.0,0.1,0.021428572,0.060714286,0.07857143,-1,0,0
169,0.3470226,140.0,139.0,12.0,3.0,14.0,3.0,8.5,11.0,0.10071942,0.021582734,0.06115108,0.079136685,-1,0,0
170,0.34907597,139.0,140.0,16.0,3.0,14.0,3.0,8.5,11.0,0.1,0.021428572,0.060714286,0.07857143,-1,0,0
171,0.35112935,140.0,139.0,14.0,4.0,15.0,3.0,9.0,12.0,0.107913665,0.021582734,0.0647482,0.086330935,-1,0,0
172,0.35318276,139.0,140.0,15.0,3.0,14.0,3.0,8.5,11.0,0.1,0.021428572,0.060714286,0.07857143,-1,0,0
173,0.35523614,140.0,139.0,13.0,3.0,15.0,3.0,9.0,12.0,0.107913665,0.021582734,0.0647482,0.086330935,-1,0,0
174,0.35728952,139.0,139.0,15.0,4.0,15.0,4.0,9.5,11.0,0.107913665,0.02877698,0.06834532,0.079136685,-1,0,0
175,0.3593429,138.0,138.0,16.0,4.0,15.0,4.0,9.5,11.0,0.10869565,0.028985508,0.06884058,0.07971014,-1,0,0
176,0.3613963,138.0,138.0,11.0,4.0,14.0,4.0,9.0,10.0,0.10144927,0.028985508,0.06521739,0.072463766,-1,0,0
177,0.3634497,139.0,138.0,14.0,3.0,12.0,3.0,7.5,9.0,0.08695652,0.02173913,0.054347828,0.06521739,-1,0,0
178,0.36550307,137.0,137.0,12.0,3.0,14.0,3.0,8.5,11.0,0.10218978,0.02189781,0.062043793,0.08029197,-1,0,0
179,0.36755648,137.0,137.0,14.0,1.0,12.0,3.0,7.5,9.0,0.08759124,0.02189781,0.054744523,0.06569343,-1,0,0
180,0.36960986,137.0,137.0,11.0,4.0,14.0,1.0,7.5,13.0,0.10218978,0.00729927,0.054744523,0.09489051,-1,0,0
181,0.37166324,139.0,139.0,14.0,1.0,13.0,4.0,8.5,9.0,0.09352518,0.02877698,0.06115108,0.0647482,-1,0,0
182,0.37371662,140.0,139.0,13.0,4.0,14.0,1.0,7.5,13.0,0.10071942,0.007194245,0.053956833,0.09352518,-1,0,0
183,0.37577003,139.0,139.0,14.0,1.0,14.0,1.0,7.5,13.0,0.10071942,0.007194245,0.053956833,0.09352518,-1,0,0
184,0.3778234,136.0,136.0,14.0,0.0,14.0,0.0,7.0,14.0,0.10294118,0.0,0.05147059,0.10294118,-1,0,1
185,0.3798768,136.0,136.0,1.0,0.0,1.0,0.0,0.5,1.0,0.007352941,0.0,0.0036764706,0.007352941,0,0,0
186,0.38193017,136.0,136.0,1.0,0.0,1.0,0.0,0.5,1.0,0.007352941,0.0,0.0036764706,0.007352941,0,0,0
187,0.38398358,140.0,139.0,11.0,0.0,11.0,0.0,5.5,11.0,0.07913669,0.0,0.039568346,0.07913669,-1,0,0
188,0.38603696,139.0,140.0,12.0,0.0,12.0,0.0,6.0,12.0,0.08571429,0.0,0.042857144,0.08571429,-1,0,0
189,0.38809034,140.0,140.0,12.0,0.0,12.0,0.0,6.0,12.0,0.08571429,0.0,0.042857144,0.08571429,-1,0,0
190,0.39014372,140.0,140.0,12.0,0.0,12.0,0.0,6.0,12.0,0.08571429,0.0,0.042857144,0.08571429,-1,0,0
191,0.39219713,138.0,139.0,13.0,0.0,13.0,0.0,6.5,13.0,0.09352518,0.0,0.04676259,0.09352518,-1,0,0
192,0.3942505,139.0,139.0,16.0,0.0,13.0,0.0,6.5,13.0,0.09352518,0.0,0.04676259,0.09352518,-1,0,0
193,0.3963039,140.0,139.0,13.0,0.0,16.0,0.0,8.0,16.0,0.11510792,0.0,0.05755396,0.11510792,-1,0,0
194,0.3983573,136.0,138.0,17.0,0.0,17.0,0.0,8.5,17.0,0.123188406,0.0,0.061594203,0.123188406,-1,0,0
195,0.40041068,138.0,138.0,17.0,0.0,17.0,0.0,8.5,17.0,0.123188406,0.0,0.061594203,0.123188406,-1,0,0
196,0.40246406,139.0,138.0,16.0,0.0,16.0,0.0,8.0,16.0,0.11594203,0.0,0.057971016,0.11594203,-1,0,0
197,0.40451744,137.0,139.0,14.0,0.0,16.0,0.0,8.0,16.0,0.11510792,0.0,0.05755396,0.11510792,-1,0,0
198,0.40657085,140.0,139.0,16.0,0.0,14.0,0.0,7.0,14.0,0.10071942,0.0,0.05035971,0.10071942,-1,0,0
199,0.40862423,139.0,140.0,13.0,0.0,15.0,0.0,7.5,15.0,0.10714286,0.0,0.05357143,0.10714286,-1,0,0
200,0.4106776,140.0,140.0,15.0,0.0,15.0,0.0,7.5,15.0,0.10714286,0.0,0.05357143,0.10714286,-1,0,0
201,0.412731,140.0,140.0,17.0,0.0,15.0,0.0,7.5,15.0,0.10714286,0.0,0.05357143,0.10714286,-1,0,0
202,0.4147844,143.0,143.0,14.0,0.0,14.0,0.0,7.0,14.0,0.0979021,0.0,0.04895105,0.0979021,-1,0,0
203,0.41683778,143.0,143.0,13.0,0.0,14.0,0.0,7.0,14.0,0.0979021,0.0,0.04895105,0.0979021,-1,0,0
204,0.41889116,143.0,143.0,16.0,0.0,15.0,0.0,7.5,15.0,0.10489511,0.0,0.052447554,0.10489511,-1,0,0
205,0.42094457,142.0,142.0,15.0,0.0,16.0,0.0,8.0,16.0,0.112676054,0.0,0.056338027,0.112676054,-1,0,0
206,0.42299795,141.0,141.0,17.0,0.0,15.0,0.0,7.5,15.0,0.10638298,0.0,0.05319149,0.10638298,-1,0,0
207,0.42505133,141.0,141.0,11.0,0.0,17.0,0.0,8.5,17.0,0.120567374,0.0,0.060283687,0.120567374,-1,0,0
208,0.4271047,128.0,128.0,25.0,0.0,19.0,0.0,9.5,19.0,0.1484375,0.0,0.07421875,0.1484375,-1,0,0
209,0.42915812,128.0,128.0,19.0,0.0,19.0,0.0,9.5,19.0,0.1484375,0.0,0.07421875,0.1484375,-1,0,0
210,0.4312115,129.0,128.0,16.0,0.0,19.0,0.0,9.5,19.0,0.1484375,0.0,0.07421875,0.1484375,-1,0,0
211,0.43326488,128.0,128.0,22.0,0.0,16.0,0.0,8.0,16.0,0.125,0.0,0.0625,0.125,-1,0,0
212,0.43531826,128.0,128.0,16.0,0.0,22.0,0.0,11.0,22.0,0.171875,0.0,0.0859375,0.171875,-1,0,0
213,0.43737167,129.0,128.0,24.0,0.0,24.0,0.0,12.0,24.0,0.1875,0.0,0.09375,0.1875,-1,0,0
214,0.43942505,128.0,129.0,24.0,0.0,24.0,0.0,12.0,24.0,0.18604651,0.0,0.093023255,0.18604651,-1,0,1
215,0.44147843,129.0,128.0,18.0,0.0,18.0,0.0,9.0,18.0,0.140625,0.0,0.0703125,0.140625,-1,0,0
216,0.44353184,128.0,128.0,16.0,0.0,18.0,0.0,9.0,18.0,0.140625,0.0,0.0703125,0.140625,-1,0,0
217,0.44558522,126.0,126.0,19.0,0.0,16.0,0.0,8.0,16.0,0.12698413,0.0,0.06349207,0.12698413,-1,0,0
218,0.4476386,126.0,126.0,16.0,0.0,16.0,0.0,8.0,16.0,0.12698413,0.0,0.06349207,0.12698413,-1,0,0
219,0.44969198,129.0,129.0,16.0,0.0,16.0,0.0,8.0,16.0,0.12403101,0.0,0.062015504,0.12403101,-1,0,0
220,0.4517454,129.0,129.0,14.0,0.0,16.0,0.0,8.0,16.0,0.12403101,0.0,0.062015504,0.12403101,-1,0,0
221,0.45379877,127.0,128.0,16.0,0.0,16.0,0.0,8.0,16.0,0.125,0.0,0.0625,0.125,-1,0,0
222,0.45585215,128.0,128.0,17.0,0.0,16.0,0.0,8.0,16.0,0.125,0.0,0.0625,0.125,-1,0,0
223,0.45790553,129.0,128.0,14.0,0.0,16.0,0.0,8.0,16.0,0.125,0.0,0.0625,0.125,-1,0,0
224,0.45995894,126.0,129.0,16.0,0.0,15.0,0.0,7.5,15.0,0.11627907,0.0,0.058139537,0.11627907,-1,0,0
225,0.46201232,129.0,127.0,15.0,0.0,16.0,0.0,8.0,16.0,0.12598425,0.0,0.062992126,0.12598425,-1,0,0
226,0.4640657,127.0,127.0,16.0,0.0,15.0,0.0,7.5,15.0,0.11811024,0.0,0.05905512,0.11811024,-1,0,0
227,0.4661191,127.0,127.0,15.0,0.0,15.0,0.0,7.5,15.0,0.11811024,0.0,0.05905512,0.11811024,-1,0,0
228,0.4681725,132.0,129.0,12.0,0.0,15.0,0.0,7.5,15.0,0.11627907,0.0,0.058139537,0.11627907,-1,0,0
229,0.47022587,129.0,129.0,15.0,0.0,13.0,0.0,6.5,13.0,0.1007752,0.0,0.0503876,0.1007752,-1,0,0
230,0.47227925,127.0,129.0,13.0,0.0,15.0,0.0,7.5,15.0,0.11627907,0.0,0.058139537,0.11627907,-1,0,0
231,0.47433266,132.0,128.0,16.0,0.0,13.0,0.0,6.5,13.0,0.1015625,0.0,0.05078125,0.1015625,-1,0,0
232,0.47638604,128.0,128.0,13.0,4.0,15.0,1.0,8.0,14.0,0.1171875,0.0078125,0.0625,0.109375,-1,0,0
233,0.47843942,127.0,127.0,15.0,1.0,14.0,4.0,9.0,10.0,0.11023622,0.031496063,0.07086614,0.07874016,-1,0,0
234,0.4804928,127.0,127.0,14.0,6.0,15.0,6.0,10.5,9.0,0.11811024,0.047244094,0.08267717,0.070866145,-1,0,0
235,0.4825462,125.0,127.0,16.0,6.0,15.0,6.0,10.5,9.0,0.11811024,0.047244094,0.08267717,0.070866145,-1,0,0
236,0.4845996,127.0,125.0,15.0,7.0,16.0,7.0,11.5,9.0,0.128,0.056,0.09200001,0.072000004,-1,0,0
237,0.48665297,121.0,121.0,21.0,8.0,20.0,7.0,13.5,13.0,0.16528925,0.05785124,0.11157025,0.10743801,-1,0,0
238,0.48870638,121.0,121.0,20.0,7.0,20.0,7.0,13.5,13.0,0.16528925,0.05785124,0.11157025,0.10743801,-1,0,0
239,0.49075976,121.0,121.0,19.0,6.0,20.0,7.0,13.5,13.0,0.16528925,0.05785124,0.11157025,0.10743801,-1,0,0
240,0.49281314,120.0,120.0,23.0,7.0,19.0,7.0,13.0,12.0,0.15833333,0.058333334,0.108333334,0.099999994,-1,0,0
241,0.49486652,120.0,120.0,3.0,8.0,3.0,7.0,5.0,4.0,0.025,0.058333334,0.041666668,0.03333333,1,0,0
242,0.49691993,120.0,120.0,1.0,7.0,3.0,8.0,5.5,5.0,0.025,0.06666667,0.045833334,0.04166667,1,0,0
243,0.4989733,119.0,119.0,20.0,9.0,20.0,7.0,13.5,13.0,0.16806723,0.05882353,0.11344538,0.109243706,-1,0,0
244,0.5010267,119.0,119.0,20.0,7.0,20.0,9.0,14.5,11.0,0.16806723,0.075630255,0.12184875,0.09243698,-1,0,0
245,0.50308007,118.0,118.0,22.0,9.0,22.0,8.0,15.0,14.0,0.18644068,0.06779661,0.12711865,0.118644066,-1,0,1
246,0.50513345,118.0,118.0,24.0,8.0,22.0,8.0,15.0,14.0,0.18644068,0.06779661,0.12711865,0.118644066,-1,0,1
247,0.50718683,119.0,118.0,17.0,8.0,17.0,8.0,12.5,9.0,0.1440678,0.06779661,0.105932206,0.076271184,-1,0,0
248,0.50924027,118.0,119.0,17.0,8.0,17.0,8.0,12.5,9.0,0.14285715,0.067226894,0.105042025,0.075630255,-1,0,0
249,0.51129365,119.0,118.0,16.0,8.0,17.0,8.0,12.5,9.0,0.1440678,0.06779661,0.105932206,0.076271184,-1,0,0
250,0.513347,117.0,119.0,18.0,8.0,16.0,8.0,12.0,8.0,0.13445379,0.067226894,0.100840345,0.067226894,-1,0,0
251,0.5154004,119.0,119.0,15.0,7.0,16.0,7.0,11.5,9.0,0.13445379,0.05882353,0.09663866,0.07563026,-1,0,0
252,0.5174538,119.0,119.0,16.0,7.0,15.0,7.0,11.0,8.0,0.12605043,0.05882353,0.09243698,0.0672269,-1,0,0
253,0.51950717,119.0,119.0,15.0,4.0,16.0,4.0,10.0,12.0,0.13445379,0.033613447,0.084033616,0.100840345,-1,0,0
254,0.52156055,118.0,118.0,16.0,1.0,16.0,4.0,10.0,12.0,0.13559322,0.033898305,0.084745765,0.10169491,-1,0,0
255,0.523614,118.0,118.0,16.0,5.0,16.0,1.0,8.5,15.0,0.13559322,0.008474576,0.0720339,0.12711865,-1,0,0
256,0.52566737,117.0,117.0,17.0,1.0,17.0,4.0,10.5,13.0,0.14529915,0.034188036,0.08974359,0.11111112,-1,0,0
257,0.52772075,117.0,117.0,26.0,4.0,20.0,1.0,10.5,19.0,0.17094018,0.008547009,0.08974359,0.16239317,-1,0,1
258,0.5297741,115.0,115.0,20.0,1.0,26.0,4.0,15.0,22.0,0.22608696,0.034782607,0.13043478,0.19130436,-1,0,1
259,0.5318275,114.0,115.0,27.0,15.0,24.0,14.0,19.0,10.0,0.20869565,0.12173913,0.16521738,0.08695652,-1,0,0
260,0.5338809,118.0,118.0,24.0,14.0,24.0,14.0,19.0,10.0,0.20338982,0.118644066,0.16101694,0.08474576,-1,0,0
261,0.53593427,118.0,118.0,18.0,14.0,24.0,14.0,19.0,10.0,0.20338982,0.118644066,0.16101694,0.08474576,-1,0,0
262,0.5379877,116.0,117.0,28.0,16.0,22.0,15.0,18.5,7.0,0.18803419,0.12820514,0.15811966,0.059829056,-1,0,0
263,0.5400411,117.0,117.0,22.0,15.0,22.0,16.0,19.0,6.0,0.18803419,0.13675214,0.16239317,0.05128205,-1,0,0
264,0.54209447,120.0,119.0,15.0,22.0,15.0,21.0,18.0,6.0,0.12605043,0.1764706,0.15126051,0.050420165,1,0,0
265,0.54414785,119.0,119.0,15.0,21.0,15.0,22.0,18.5,7.0,0.12605043,0.18487395,0.15546219,0.058823526,1,0,0
266,0.5462012,119.0,119.0,17.0,24.0,17.0,22.0,19.5,5.0,0.14285715,0.18487395,0.16386555,0.042016804,1,0,0
267,0.5482546,116.0,119.0,18.0,22.0,17.0,23.0,20.0,6.0,0.14285715,0.19327731,0.16806723,0.050420165,1,0,0
268,0.550308,119.0,117.0,17.0,23.0,18.0,22.0,20.0,4.0,0.15384616,0.18803419,0.17094018,0.034188032,1,0,0
269,0.55236137,117.0,118.0,18.0,21.0,17.0,21.0,19.0,4.0,0.1440678,0.1779661,0.16101694,0.03389831,1,0,0
270,0.5544148,118.0,118.0,16.0,20.0,16.0,21.0,18.5,5.0,0.13559322,0.1779661,0.15677966,0.042372882,1,0,0
271,0.5564682,119.0,118.0,14.0,23.0,14.0,23.0,18.5,9.0,0.118644066,0.19491525,0.15677966,0.076271184,1,0,1
272,0.55852157,117.0,117.0,14.0,23.0,14.0,23.0,18.5,9.0,0.11965812,0.1965812,0.15811966,0.07692308,1,0,1
273,0.56057495,116.0,117.0,17.0,24.0,16.0,23.0,19.5,7.0,0.13675214,0.1965812,0.16666667,0.059829056,1,0,0
274,0.5626283,117.0,116.0,16.0,23.0,17.0,23.0,20.0,6.0,0.14655173,0.19827586,0.1724138,0.051724136,1,0,0
275,0.5646817,111.0,113.0,21.0,23.0,19.0,23.0,21.0,4.0,0.16814159,0.20353982,0.1858407,0.03539823,1,0,0
276,0.5667351,113.0,113.0,19.0,23.0,20.0,23.0,21.5,3.0,0.17699115,0.20353982,0.19026548,0.026548669,0,0,0
277,0.5687885,113.0,113.0,20.0,24.0,20.0,24.0,22.0,4.0,0.17699115,0.21238938,0.19469026,0.03539823,1,0,0
278,0.5708419,113.0,113.0,20.0,24.0,20.0,24.0,22.0,4.0,0.17699115,0.21238938,0.19469026,0.03539823,1,0,0
279,0.5728953,115.0,113.0,17.0,24.0,20.0,24.0,22.0,4.0,0.17699115,0.21238938,0.19469026,0.03539823,1,0,0
280,0.57494867,107.0,108.0,23.0,23.0,22.0,23.0,22.5,1.0,0.2037037,0.21296297,0.20833334,0.009259269,0,0,0
281,0.57700205,108.0,107.0,22.0,23.0,23.0,23.0,23.0,0.0,0.21495327,0.21495327,0.21495327,0.0,0,0,0
282,0.5790554,106.0,108.0,23.0,23.0,23.0,23.0,23.0,0.0,0.21296297,0.21296297,0.21296297,0.0,0,0,0
283,0.5811088,108.0,106.0,24.0,23.0,23.0,23.0,23.0,0.0,0.21698113,0.21698113,0.21698113,0.0,0,0,0
284,0.5831622,106.0,107.0,18.0,23.0,24.0,23.0,23.5,1.0,0.22429906,0.21495327,0.21962616,0.009345785,0,0,0
285,0.5852156,107.0,107.0,24.0,23.0,18.0,23.0,20.5,5.0,0.1682243,0.21495327,0.19158879,0.04672897,1,0,0
286,0.587269,108.0,108.0,15.0,23.0,24.0,23.0,23.5,1.0,0.22222222,0.21296297,0.2175926,0.009259254,0,0,0
287,0.5893224,108.0,108.0,24.0,23.0,17.0,23.0,20.0,6.0,0.1574074,0.21296297,0.1851852,0.055555567,1,0,0
288,0.59137577,111.0,111.0,17.0,20.0,17.0,23.0,20.0,6.0,0.15315315,0.2072072,0.18018018,0.05405405,1,0,0
289,0.59342915,111.0,111.0,15.0,24.0,17.0,20.0,18.5,3.0,0.15315315,0.18018018,0.16666666,0.027027026,0,0,0
290,0.5954825,109.0,110.0,18.0,20.0,16.0,24.0,20.0,8.0,0.14545454,0.21818182,0.18181819,0.07272728,1,0,0
291,0.5975359,110.0,109.0,16.0,24.0,17.0,24.0,20.5,7.0,0.1559633,0.22018349,0.1880734,0.06422019,1,0,0
292,0.59958935,108.0,110.0,17.0,24.0,17.0,24.0,20.5,7.0,0.15454546,0.21818182,0.18636364,0.06363636,1,0,0
293,0.6016427,110.0,109.0,17.0,24.0,17.0,24.0,20.5,7.0,0.1559633,0.22018349,0.1880734,0.06422019,1,0,0
294,0.6036961,109.0,109.0,17.0,24.0,17.0,24.0,20.5,7.0,0.1559633,0.22018349,0.1880734,0.06422019,1,0,0
295,0.6057495,107.0,109.0,16.0,24.0,16.0,24.0,20.0,8.0,0.14678898,0.22018349,0.18348624,0.07339451,1,0,0
296,0.60780287,110.0,110.0,13.0,24.0,15.0,24.0,19.5,9.0,0.13636364,0.21818182,0.17727274,0.08181818,1,0,0
297,0.60985625,111.0,110.0,15.0,24.0,15.0,24.0,19.5,9.0,0.13636364,0.21818182,0.17727274,0.08181818,1,0,0
298,0.6119096,109.0,109.0,17.0,20.0,17.0,24.0,20.5,7.0,0.1559633,0.22018349,0.1880734,0.06422019,1,0,0
299,0.61396307,109.0,109.0,18.0,24.0,17.0,24.0,20.5,7.0,0.1559633,0.22018349,0.1880734,0.06422019,1,0,0
300,0.61601645,110.0,109.0,17.0,24.0,18.0,24.0,21.0,6.0,0.16513762,0.22018349,0.19266056,0.055045873,1,0,0
301,0.6180698,107.0,110.0,19.0,24.0,17.0,24.0,20.5,7.0,0.15454546,0.21818182,0.18636364,0.06363636,1,0,0
302,0.6201232,112.0,110.0,15.0,24.0,17.0,24.0,20.5,7.0,0.15454546,0.21818182,0.18636364,0.06363636,1,0,0
303,0.6221766,110.0,111.0,17.0,24.0,16.0,24.0,20.0,8.0,0.14414415,0.21621622,0.18018019,0.072072074,1,0,0
304,0.62422997,111.0,111.0,16.0,24.0,17.0,24.0,20.5,7.0,0.15315315,0.21621622,0.1846847,0.06306307,1,0,0
305,0.62628335,111.0,111.0,17.0,24.0,16.0,24.0,20.0,8.0,0.14414415,0.21621622,0.18018019,0.072072074,1,0,0
306,0.6283367,110.0,110.0,16.0,24.0,17.0,24.0,20.5,7.0,0.15454546,0.21818182,0.18636364,0.06363636,1,0,0
307,0.63039017,105.0,108.0,21.0,18.0,19.0,20.0,19.5,1.0,0.17592593,0.18518518,0.18055555,0.009259254,0,0,0
308,0.63244355,108.0,107.0,19.0,20.0,20.0,18.0,19.0,2.0,0.18691589,0.1682243,0.1775701,0.018691584,0,0,0
309,0.6344969,107.0,107.0,20.0,18.0,19.0,20.0,19.5,1.0,0.17757009,0.18691589,0.18224299,0.0093458,0,0,0
310,0.6365503,107.0,107.0,17.0,24.0,18.0,18.0,18.0,0.0,0.1682243,0.1682243,0.1682243,0.0,0,0,0
311,0.6386037,110.0,107.0,18.0,17.0,18.0,24.0,21.0,6.0,0.1682243,0.22429906,0.19626167,0.056074753,1,0,0
312,0.64065707,103.0,103.0,23.0,24.0,23.0,19.0,21.0,4.0,0.22330096,0.18446602,0.2038835,0.038834944,-1,0,0
313,0.64271045,102.0,102.0,23.0,19.0,23.0,19.0,21.0,4.0,0.2254902,0.18627451,0.20588236,0.039215684,-1,0,0
314,0.6447639,102.0,102.0,24.0,17.0,23.0,19.0,21.0,4.0,0.2254902,0.18627451,0.20588236,0.039215684,-1,0,0
315,0.64681727,99.0,100.0,23.0,24.0,24.0,19.0,21.5,5.0,0.24,0.19,0.215,0.049999997,-1,0,0
316,0.64887065,100.0,99.0,24.0,19.0,23.0,24.0,23.5,1.0,0.23232323,0.24242425,0.23737374,0.01010102,0,0,0
317,0.650924,99.0,99.0,22.0,29.0,24.0,26.0,25.0,2.0,0.24242425,0.26262626,0.25252527,0.02020201,0,0,0
318,0.6529774,98.0,98.0,24.0,26.0,22.0,26.0,24.0,4.0,0.2244898,0.26530612,0.24489796,0.040816322,1,0,0
319,0.6550308,97.0,97.0,22.0,22.0,24.0,22.0,23.0,2.0,0.24742268,0.22680412,0.2371134,0.020618558,0,0,0
320,0.65708417,94.0,94.0,24.0,19.0,24.0,20.0,22.0,4.0,0.25531915,0.21276596,0.23404256,0.042553186,-1,0,0
321,0.6591376,94.0,94.0,24.0,20.0,24.0,19.0,21.5,5.0,0.25531915,0.20212767,0.2287234,0.053191483,-1,0,0
322,0.661191,94.0,94.0,24.0,19.0,24.0,19.0,21.5,5.0,0.25531915,0.20212767,0.2287234,0.053191483,-1,0,0
323,0.66324437,95.0,94.0,18.0,19.0,24.0,19.0,21.5,5.0,0.25531915,0.20212767,0.2287234,0.053191483,-1,0,0
324,0.66529775,91.0,94.0,25.0,19.0,19.0,19.0,19.0,0.0,0.20212767,0.20212767,0.20212767,0.0,0,0,0
325,0.6673511,94.0,91.0,19.0,20.0,25.0,19.0,22.0,6.0,0.2747253,0.20879121,0.24175826,0.06593408,-1,0,1
326,0.6694045,91.0,93.0,26.0,18.0,20.0,20.0,20.0,0.0,0.21505377,0.21505377,0.21505377,0.0,0,0,0
327,0.6714579,93.0,92.0,20.0,20.0,21.0,20.0,20.5,1.0,0.22826087,0.2173913,0.2228261,0.0108695775,0,0,0
328,0.67351127,92.0,93.0,21.0,20.0,21.0,20.0,20.5,1.0,0.22580644,0.21505377,0.2204301,0.010752678,0,0,0
329,0.6755647,93.0,93.0,25.0,3.0,21.0,20.0,20.5,1.0,0.22580644,0.21505377,0.2204301,0.010752678,0,0,0
330,0.6776181,95.0,95.0,21.0,21.0,24.0,21.0,22.5,3.0,0.25263157,0.22105263,0.2368421,0.031578943,-1,0,0
331,0.67967147,96.0,95.0,24.0,23.0,22.0,22.0,22.0,0.0,0.23157895,0.23157895,0.23157895,0.0,0,0,0
332,0.68172485,92.0,96.0,22.0,22.0,22.0,23.0,22.5,1.0,0.22916667,0.23958333,0.234375,0.010416657,0,0,0
333,0.6837782,96.0,95.0,21.0,23.0,21.0,23.0,22.0,2.0,0.22105263,0.24210526,0.23157895,0.021052629,0,0,0
334,0.6858316,95.0,95.0,20.0,24.0,21.0,24.0,22.5,3.0,0.22105263,0.25263157,0.2368421,0.031578943,1,0,0
335,0.687885,92.0,93.0,24.0,24.0,23.0,24.0,23.5,1.0,0.24731183,0.2580645,0.25268817,0.010752678,0,0,0
336,0.6899384,93.0,92.0,23.0,26.0,23.0,24.0,23.5,1.0,0.25,0.26086956,0.25543478,0.010869563,0,0,0
337,0.6919918,92.0,93.0,19.0,24.0,23.0,24.0,23.5,1.0,0.24731183,0.2580645,0.25268817,0.010752678,0,0,0
338,0.6940452,96.0,95.0,24.0,24.0,19.0,24.0,21.5,5.0,0.2,0.25263157,0.2263158,0.052631572,1,0,0
339,0.69609857,95.0,95.0,16.0,24.0,18.0,24.0,21.0,6.0,0.18947369,0.25263157,0.22105263,0.063157886,1,0,0
340,0.69815195,94.0,95.0,18.0,24.0,16.0,24.0,20.0,8.0,0.16842106,0.25263157,0.21052632,0.084210515,1,0,0
341,0.7002053,96.0,95.0,15.0,24.0,15.0,24.0,19.5,9.0,0.15789473,0.25263157,0.20526315,0.094736844,1,0,0
342,0.7022587,95.0,95.0,14.0,24.0,14.0,24.0,19.0,10.0,0.14736842,0.25263157,0.19999999,0.10526316,1,0,1
343,0.7043121,93.0,93.0,13.0,23.0,14.0,23.0,18.5,9.0,0.15053764,0.24731183,0.19892474,0.09677419,1,0,1
344,0.7063655,86.0,87.0,18.0,20.0,18.0,23.0,20.5,5.0,0.20689656,0.26436782,0.23563218,0.05747126,1,0,0
345,0.7084189,87.0,86.0,20.0,24.0,20.0,23.0,21.5,3.0,0.23255815,0.26744187,0.25,0.034883723,1,0,0
346,0.7104723,84.0,86.0,21.0,23.0,21.0,24.0,22.5,3.0,0.24418604,0.27906978,0.2616279,0.034883738,1,0,0
347,0.71252567,86.0,86.0,23.0,24.0,21.0,23.0,22.0,2.0,0.24418604,0.26744187,0.25581396,0.023255825,0,0,0
348,0.71457905,87.0,86.0,19.0,19.0,19.0,21.0,20.0,2.0,0.22093023,0.24418604,0.23255813,0.02325581,0,0,0
349,0.7166324,85.0,85.0,18.0,21.0,18.0,21.0,19.5,3.0,0.21176471,0.24705882,0.22941177,0.035294116,1,0,0
350,0.7186858,83.0,85.0,18.0,22.0,18.0,22.0,20.0,4.0,0.21176471,0.25882354,0.23529413,0.047058836,1,0,0
351,0.72073925,85.0,85.0,22.0,23.0,18.0,23.0,20.5,5.0,0.21176471,0.27058825,0.24117649,0.05882354,1,0,0
352,0.7227926,85.0,85.0,18.0,27.0,18.0,23.0,20.5,5.0,0.21176471,0.27058825,0.24117649,0.05882354,1,0,0
353,0.724846,85.0,85.0,18.0,23.0,18.0,23.0,20.5,5.0,0.21176471,0.27058825,0.24117649,0.05882354,1,0,0
354,0.7268994,83.0,85.0,17.0,22.0,18.0,22.0,20.0,4.0,0.21176471,0.25882354,0.23529413,0.047058836,1,0,0
355,0.72895277,86.0,85.0,20.0,17.0,20.0,22.0,21.0,2.0,0.23529412,0.25882354,0.24705884,0.023529425,0,0,0
356,0.73100615,85.0,85.0,25.0,24.0,25.0,20.0,22.5,5.0,0.29411766,0.23529412,0.2647059,0.05882354,-1,0,0
357,0.7330595,84.0,85.0,26.0,20.0,25.0,23.0,24.0,2.0,0.29411766,0.27058825,0.28235295,0.02352941,0,0,0
358,0.73511297,85.0,85.0,17.0,23.0,24.0,20.0,22.0,4.0,0.28235295,0.23529412,0.25882354,0.047058836,-1,0,0
359,0.73716635,86.0,85.0,24.0,18.0,17.0,23.0,20.0,6.0,0.2,0.27058825,0.23529413,0.070588246,1,0,0
360,0.7392197,79.0,79.0,16.0,23.0,18.0,23.0,20.5,5.0,0.2278481,0.29113925,0.25949368,0.06329115,1,0,0
361,0.7412731,78.0,79.0,18.0,23.0,16.0,23.0,19.5,7.0,0.20253165,0.29113925,0.24683544,0.088607594,1,0,0
362,0.7433265,80.0,79.0,13.0,24.0,16.0,23.0,19.5,7.0,0.20253165,0.29113925,0.24683544,0.088607594,1,0,0
363,0.74537987,79.0,79.0,16.0,23.0,14.0,23.0,18.5,9.0,0.17721519,0.29113925,0.23417722,0.11392406,1,0,0
364,0.74743325,77.0,79.0,14.0,22.0,16.0,22.0,19.0,6.0,0.20253165,0.278481,0.24050632,0.075949356,1,0,0
365,0.7494866,79.0,79.0,17.0,22.0,14.0,22.0,18.0,8.0,0.17721519,0.278481,0.2278481,0.10126582,1,0,0
366,0.75154006,79.0,79.0,12.0,23.0,16.0,23.0,19.5,7.0,0.20253165,0.29113925,0.24683544,0.088607594,1,0,0
367,0.75359344,79.0,79.0,16.0,24.0,15.0,24.0,19.5,9.0,0.18987341,0.30379745,0.24683544,0.11392404,1,0,0
368,0.7556468,80.0,79.0,15.0,24.0,16.0,24.0,20.0,8.0,0.20253165,0.30379745,0.25316456,0.1012658,1,0,0
369,0.7577002,74.0,79.0,17.0,25.0,15.0,25.0,20.0,10.0,0.18987341,0.3164557,0.25316456,0.12658228,1,0,0
370,0.7597536,79.0,79.0,11.0,25.0,16.0,25.0,20.5,9.0,0.20253165,0.3164557,0.25949368,0.11392404,1,0,0
371,0.76180696,79.0,79.0,16.0,23.0,16.0,25.0,20.5,9.0,0.20253165,0.3164557,0.25949368,0.11392404,1,0,0
372,0.76386034,79.0,79.0,16.0,25.0,16.0,24.0,20.0,8.0,0.20253165,0.30379745,0.25316456,0.1012658,1,0,0
373,0.7659138,77.0,77.0,19.0,24.0,19.0,24.0,21.5,5.0,0.24675325,0.3116883,0.27922076,0.06493506,1,0,0
374,0.76796716,75.0,75.0,19.0,22.0,19.0,24.0,21.5,5.0,0.25333333,0.32,0.28666666,0.06666666,1,0,0
375,0.77002054,73.0,73.0,20.0,26.0,20.0,26.0,23.0,6.0,0.2739726,0.3561644,0.31506848,0.082191795,1,0,0
376,0.7720739,70.0,70.0,20.0,26.0,20.0,26.0,23.0,6.0,0.2857143,0.37142858,0.32857144,0.08571428,1,0,0
377,0.7741273,67.0,69.0,20.0,28.0,20.0,26.0,23.0,6.0,0.28985506,0.3768116,0.3333333,0.08695653,1,0,0
378,0.7761807,69.0,67.0,16.0,25.0,19.0,26.0,22.5,7.0,0.2835821,0.3880597,0.3358209,0.104477614,1,0,0
379,0.77823406,67.0,69.0,19.0,26.0,19.0,25.0,22.0,6.0,0.2753623,0.36231884,0.31884056,0.08695653,1,0,0
380,0.78028744,71.0,67.0,24.0,23.0,22.0,25.0,23.5,3.0,0.3283582,0.37313432,0.35074627,0.04477611,1,0,0
381,0.7823409,67.0,71.0,22.0,25.0,22.0,23.0,22.5,1.0,0.30985916,0.32394367,0.31690142,0.014084518,0,0,0
382,0.78439426,71.0,71.0,21.0,22.0,22.0,24.0,23.0,2.0,0.30985916,0.33802816,0.32394367,0.028169006,0,0,0
383,0.78644764,71.0,71.0,22.0,24.0,21.0,22.0,21.5,1.0,0.29577464,0.30985916,0.3028169,0.014084518,0,0,0
384,0.788501,71.0,71.0,15.0,21.0,17.0,24.0,20.5,7.0,0.23943663,0.33802816,0.2887324,0.09859154,1,0,1
385,0.7905544,71.0,71.0,17.0,24.0,15.0,24.0,19.5,9.0,0.2112676,0.33802816,0.2746479,0.12676056,1,0,1
386,0.7926078,71.0,71.0,15.0,24.0,17.0,24.0,20.5,7.0,0.23943663,0.33802816,0.2887324,0.09859154,1,0,1
387,0.79466116,69.0,69.0,17.0,23.0,17.0,23.0,20.0,6.0,0.24637681,0.33333334,0.28985506,0.08695653,1,0,0
388,0.7967146,68.0,69.0,18.0,19.0,18.0,22.0,20.0,4.0,0.26086956,0.3188406,0.28985506,0.05797103,1,0,0
389,0.798768,69.0,69.0,18.0,22.0,18.0,22.0,20.0,4.0,0.26086956,0.3188406,0.28985506,0.05797103,1,0,0
390,0.80082136,70.0,70.0,17.0,24.0,17.0,24.0,20.5,7.0,0.24285714,0.34285715,0.29285714,0.10000001,1,0,0
391,0.80287474,71.0,70.0,14.0,24.0,17.0,24.0,20.5,7.0,0.24285714,0.34285715,0.29285714,0.10000001,1,0,0
392,0.8049281,61.0,64.0,19.0,28.0,15.0,27.0,21.0,12.0,0.234375,0.421875,0.328125,0.1875,1,0,1
393,0.8069815,64.0,63.0,15.0,27.0,17.0,27.0,22.0,10.0,0.26984128,0.42857143,0.34920636,0.15873015,1,0,1
394,0.8090349,63.0,63.0,17.0,23.0,17.0,24.0,20.5,7.0,0.26984128,0.3809524,0.32539684,0.111111104,1,0,0
395,0.8110883,61.0,63.0,18.0,24.0,17.0,24.0,20.5,7.0,0.26984128,0.3809524,0.32539684,0.111111104,1,0,0
396,0.8131417,63.0,61.0,15.0,30.0,17.0,24.0,20.5,7.0,0.27868852,0.39344263,0.3360656,0.11475411,1,0,0
397,0.8151951,60.0,60.0,17.0,1.0,17.0,24.0,20.5,7.0,0.28333333,0.4,0.34166667,0.116666675,1,0,0
398,0.81724846,57.0,60.0,18.0,24.0,17.0,18.0,17.5,1.0,0.28333333,0.3,0.2916667,0.01666668,0,0,0
399,0.81930184,60.0,60.0,14.0,18.0,15.0,22.0,18.5,7.0,0.25,0.36666667,0.30833334,0.116666675,1,0,0
400,0.8213552,63.0,61.0,15.0,22.0,15.0,22.0,18.5,7.0,0.24590164,0.36065573,0.30327868,0.11475408,1,0,0
401,0.8234086,61.0,61.0,15.0,23.0,15.0,23.0,19.0,8.0,0.24590164,0.37704918,0.3114754,0.13114753,1,0,0
402,0.825462,61.0,61.0,17.0,23.0,17.0,23.0,20.0,6.0,0.27868852,0.37704918,0.32786885,0.09836066,1,0,0
403,0.8275154,60.0,61.0,18.0,25.0,17.0,23.0,20.0,6.0,0.27868852,0.37704918,0.32786885,0.09836066,1,0,0
404,0.8295688,62.0,60.0,17.0,19.0,18.0,25.0,21.5,7.0,0.3,0.41666666,0.35833335,0.116666645,1,0,0
405,0.8316222,55.0,56.0,20.0,26.0,20.0,24.0,22.0,4.0,0.35714287,0.42857143,0.39285713,0.07142857,1,0,0
406,0.83367556,56.0,55.0,21.0,24.0,20.0,26.0,23.0,6.0,0.36363637,0.47272727,0.41818184,0.109090894,1,0,0
407,0.83572894,54.0,56.0,1.0,27.0,21.0,25.0,23.0,4.0,0.375,0.44642857,0.41071427,0.07142857,1,0,0
408,0.8377823,56.0,54.0,21.0,25.0,20.0,27.0,23.5,7.0,0.37037036,0.5,0.4351852,0.12962964,1,0,0
409,0.8398357,54.0,55.0,20.0,27.0,20.0,27.0,23.5,7.0,0.36363637,0.4909091,0.42727274,0.12727273,1,0,0
410,0.84188914,55.0,55.0,18.0,28.0,18.0,28.0,23.0,10.0,0.3272727,0.5090909,0.4181818,0.18181819,1,0,1
411,0.8439425,57.0,57.0,18.0,28.0,18.0,28.0,23.0,10.0,0.31578946,0.49122807,0.40350878,0.17543861,1,0,1
412,0.8459959,60.0,57.0,20.0,24.0,20.0,25.0,22.5,5.0,0.3508772,0.4385965,0.39473683,0.08771929,1,0,0
413,0.8480493,57.0,57.0,21.0,25.0,20.0,24.0,22.0,4.0,0.3508772,0.42105263,0.38596493,0.07017544,1,0,0
414,0.85010266,57.0,57.0,20.0,24.0,21.0,24.0,22.5,3.0,0.36842105,0.42105263,0.39473683,0.052631587,1,0,0
415,0.85215604,58.0,57.0,21.0,24.0,20.0,24.0,22.0,4.0,0.3508772,0.42105263,0.38596493,0.07017544,1,0,0
416,0.8542094,55.0,55.0,18.0,21.0,21.0,24.0,22.5,3.0,0.38181818,0.43636364,0.4090909,0.054545462,1,0,0
417,0.85626286,54.0,55.0,21.0,25.0,20.0,21.0,20.5,1.0,0.36363637,0.38181818,0.37272727,0.0181818,0,0,0
418,0.85831624,55.0,54.0,20.0,17.0,21.0,24.0,22.5,3.0,0.3888889,0.44444445,0.4166667,0.055555552,1,0,0
419,0.8603696,48.0,52.0,21.0,24.0,20.0,21.0,20.5,1.0,0.3846154,0.40384614,0.39423078,0.019230753,0,0,0
420,0.862423,52.0,52.0,20.0,21.0,20.0,24.0,22.0,4.0,0.3846154,0.46153846,0.42307693,0.07692307,1,0,0
421,0.8644764,52.0,52.0,20.0,25.0,20.0,24.0,22.0,4.0,0.3846154,0.46153846,0.42307693,0.07692307,1,0,0
422,0.86652976,52.0,52.0,20.0,24.0,20.0,24.0,22.0,4.0,0.3846154,0.46153846,0.42307693,0.07692307,1,0,1
423,0.86858314,53.0,52.0,21.0,18.0,21.0,24.0,22.5,3.0,0.40384614,0.46153846,0.4326923,0.05769232,1,0,0
424,0.8706365,47.0,47.0,22.0,24.0,21.0,23.0,22.0,2.0,0.44680852,0.4893617,0.4680851,0.042553186,1,0,0
425,0.87268996,46.0,46.0,20.0,23.0,22.0,23.0,22.5,1.0,0.47826087,0.5,0.48913044,0.021739125,0,0,0
426,0.87474334,46.0,46.0,23.0,23.0,22.0,23.0,22.5,1.0,0.47826087,0.5,0.48913044,0.021739125,0,0,0
427,0.8767967,46.0,46.0,22.0,23.0,22.0,23.0,22.5,1.0,0.47826087,0.5,0.48913044,0.021739125,0,0,0
428,0.8788501,44.0,44.0,19.0,22.0,22.0,22.0,22.0,0.0,0.5,0.5,0.5,0.0,0,0,0
429,0.8809035,44.0,44.0,22.0,22.0,19.0,22.0,20.5,3.0,0.4318182,0.5,0.4659091,0.06818181,1,0,1
430,0.88295686,43.0,43.0,17.0,22.0,21.0,22.0,21.5,1.0,0.4883721,0.5116279,0.5,0.023255825,0,0,0
431,0.88501024,42.0,42.0,21.0,20.0,21.0,20.0,20.5,1.0,0.5,0.47619048,0.48809522,0.023809522,0,0,0
432,0.8870637,42.0,42.0,21.0,20.0,21.0,20.0,20.5,1.0,0.5,0.47619048,0.48809522,0.023809522,0,0,0
433,0.88911706,42.0,42.0,21.0,21.0,21.0,20.0,20.5,1.0,0.5,0.47619048,0.48809522,0.023809522,0,0,0
434,0.89117044,40.0,42.0,17.0,1.0,21.0,21.0,21.0,0.0,0.5,0.5,0.5,0.0,0,0,0
435,0.8932238,42.0,41.0,21.0,21.0,20.0,20.0,20.0,0.0,0.4878049,0.4878049,0.4878049,0.0,0,0,0
436,0.8952772,41.0,42.0,20.0,20.0,20.0,20.0,20.0,0.0,0.47619048,0.47619048,0.47619048,0.0,0,0,0
437,0.8973306,44.0,43.0,20.0,18.0,20.0,20.0,20.0,0.0,0.4651163,0.4651163,0.4651163,0.0,0,0,0
438,0.89938396,43.0,44.0,19.0,20.0,19.0,19.0,19.0,0.0,0.4318182,0.4318182,0.4318182,0.0,0,0,0
439,0.90143734,44.0,43.0,16.0,19.0,16.0,19.0,17.5,3.0,0.37209302,0.44186047,0.40697676,0.069767445,1,0,0
440,0.9034908,38.0,38.0,14.0,1.0,15.0,19.0,17.0,4.0,0.39473686,0.5,0.44736844,0.105263144,1,0,1
441,0.90554416,38.0,38.0,15.0,19.0,14.0,16.0,15.0,2.0,0.36842105,0.42105263,0.39473683,0.052631587,1,0,0
442,0.90759754,38.0,38.0,13.0,16.0,14.0,17.0,15.5,3.0,0.36842105,0.4473684,0.40789473,0.078947365,1,0,0
443,0.9096509,38.0,38.0,14.0,17.0,14.0,17.0,15.5,3.0,0.36842105,0.4473684,0.40789473,0.078947365,1,0,0
444,0.9117043,38.0,38.0,14.0,18.0,14.0,17.0,15.5,3.0,0.36842105,0.4473684,0.40789473,0.078947365,1,0,0
445,0.9137577,33.0,33.0,13.0,9.0,14.0,9.0,11.5,5.0,0.42424244,0.27272728,0.34848487,0.15151516,-1,0,0
446,0.91581106,30.0,30.0,14.0,6.0,14.0,6.0,10.0,8.0,0.46666667,0.2,0.33333334,0.26666665,-1,0,0
447,0.9178645,29.0,29.0,14.0,5.0,14.0,5.0,9.5,9.0,0.4827586,0.1724138,0.3275862,0.31034482,-1,0,0
448,0.9199179,23.0,23.0,9.0,4.0,12.0,4.0,8.0,8.0,0.5217391,0.17391305,0.3478261,0.34782606,-1,0,0
449,0.92197126,23.0,23.0,12.0,1.0,9.0,1.0,5.0,8.0,0.39130434,0.04347826,0.2173913,0.3478261,-1,0,0
450,0.92402464,23.0,23.0,9.0,1.0,12.0,1.0,6.5,11.0,0.5217391,0.04347826,0.2826087,0.47826087,-1,0,1
451,0.926078,23.0,23.0,12.0,1.0,11.0,1.0,6.0,10.0,0.47826087,0.04347826,0.26086956,0.43478262,-1,0,1
452,0.9281314,24.0,23.0,11.0,10.0,11.0,10.0,10.5,1.0,0.47826087,0.4347826,0.45652175,0.04347828,-1,0,0
453,0.9301848,22.0,23.0,9.0,11.0,10.0,11.0,10.5,1.0,0.4347826,0.47826087,0.45652175,0.04347828,1,0,0
454,0.9322382,23.0,22.0,10.0,11.0,9.0,11.0,10.0,2.0,0.4090909,0.5,0.45454544,0.09090909,1,0,1
455,0.9342916,21.0,22.0,7.0,9.0,10.0,11.0,10.5,1.0,0.45454547,0.5,0.47727275,0.045454532,1,0,0
456,0.936345,22.0,21.0,11.0,11.0,8.0,9.0,8.5,1.0,0.3809524,0.42857143,0.4047619,0.047619045,1,0,0
457,0.93839836,20.0,22.0,8.0,6.0,11.0,11.0,11.0,0.0,0.5,0.5,0.5,0.0,0,0,0
458,0.94045174,23.0,21.0,12.0,11.0,10.0,7.0,8.5,3.0,0.47619048,0.33333334,0.4047619,0.14285713,-1,0,0
459,0.9425051,21.0,21.0,10.0,7.0,10.0,7.0,8.5,3.0,0.47619048,0.33333334,0.4047619,0.14285713,-1,0,0
460,0.9445585,18.0,18.0,8.0,4.0,9.0,4.0,6.5,5.0,0.5,0.22222222,0.3611111,0.2777778,-1,0,0
461,0.9466119,18.0,18.0,9.0,4.0,8.0,4.0,6.0,4.0,0.44444445,0.22222222,0.33333334,0.22222222,-1,0,0
462,0.9486653,15.0,16.0,8.0,1.0,8.0,1.0,4.5,7.0,0.5,0.0625,0.28125,0.4375,-1,0,1
463,0.9507187,16.0,15.0,7.0,1.0,7.0,1.0,4.0,6.0,0.46666667,0.06666667,0.26666668,0.4,-1,0,1
464,0.9527721,12.0,12.0,4.0,4.0,4.0,4.0,4.0,0.0,0.33333334,0.33333334,0.33333334,0.0,0,0,0
465,0.95482546,10.0,11.0,3.0,5.0,4.0,5.0,4.5,1.0,0.36363637,0.45454547,0.40909094,0.09090909,1,0,0
466,0.95687884,11.0,11.0,5.0,6.0,3.0,6.0,4.5,3.0,0.27272728,0.54545456,0.40909094,0.27272728,1,0,1
467,0.9589322,11.0,11.0,1.0,6.0,5.0,6.0,5.5,1.0,0.45454547,0.54545456,0.5,0.09090909,1,0,0
468,0.9609856,12.0,12.0,5.0,6.0,1.0,6.0,3.5,5.0,0.083333336,0.5,0.29166666,0.41666666,1,0,1
469,0.96303904,12.0,12.0,1.0,6.0,4.0,6.0,5.0,2.0,0.33333334,0.5,0.4166667,0.16666666,1,0,0
470,0.9650924,11.0,12.0,4.0,6.0,4.0,6.0,5.0,2.0,0.33333334,0.5,0.4166667,0.16666666,1,0,0
471,0.9671458,12.0,11.0,4.0,6.0,4.0,6.0,5.0,2.0,0.36363637,0.54545456,0.45454547,0.18181819,1,0,0
472,0.9691992,10.0,11.0,2.0,5.0,4.0,6.0,5.0,2.0,0.36363637,0.54545456,0.45454547,0.18181819,1,0,0
473,0.97125256,11.0,10.0,6.0,6.0,3.0,5.0,4.0,2.0,0.3,0.5,0.4,0.19999999,1,0,0
474,0.97330594,10.0,11.0,3.0,4.0,5.0,6.0,5.5,1.0,0.45454547,0.54545456,0.5,0.09090909,1,0,0
475,0.9753593,12.0,11.0,5.0,6.0,4.0,6.0,5.0,2.0,0.36363637,0.54545456,0.45454547,0.18181819,1,0,1
476,0.97741276,11.0,11.0,4.0,6.0,4.0,6.0,5.0,2.0,0.36363637,0.54545456,0.45454547,0.18181819,1,0,1
477,0.97946614,10.0,11.0,4.0,5.0,4.0,5.0,4.5,1.0,0.36363637,0.45454547,0.40909094,0.09090909,1,0,0
478,0.9815195,12.0,11.0,6.0,4.0,5.0,4.0,4.5,1.0,0.45454547,0.36363637,0.40909094,0.09090909,-1,0,0
479,0.9835729,11.0,12.0,5.0,3.0,6.0,3.0,4.5,3.0,0.5,0.25,0.375,0.25,-1,0,0
480,0.9856263,14.0,14.0,7.0,0.0,7.0,0.0,3.5,7.0,0.5,0.0,0.25,0.5,-1,0,1
481,0.98767966,16.0,15.0,8.0,0.0,8.0,0.0,4.0,8.0,0.53333336,0.0,0.26666668,0.53333336,-1,0,0
482,0.98973304,15.0,15.0,8.0,0.0,8.0,0.0,4.0,8.0,0.53333336,0.0,0.26666668,0.53333336,-1,0,0
483,0.9917864,11.0,13.0,5.0,0.0,6.0,0.0,3.0,6.0,0.46153846,0.0,0.23076923,0.46153846,-1,0,0
484,0.99383986,13.0,13.0,6.0,0.0,5.0,0.0,2.5,5.0,0.3846154,0.0,0.1923077,0.3846154,-1,0,0
485,0.99589324,13.0,13.0,5.0,0.0,5.0,0.0,2.5,5.0,0.3846154,0.0,0.1923077,0.3846154,-1,0,0
486,0.9979466,12.0,13.0,3.0,0.0,5.0,0.0,2.5,5.0,0.3846154,0.0,0.1923077,0.3846154,-1,0,0
487,1.0,14.0,14.0,6.0,0.0,6.0,0.0,3.0,6.0,0.42857143,0.0,0.21428572,0.42857143,-1,0,0
