fold,image_name,midline_length_px,actual_wl_mm,predicted_wl_mm,residual_mm,absolute_error_mm
1,26041073.jpg,490.6,21.5,21.374224485885915,0.1257755141140855,0.1257755141140855
2,24100639.jpg,457.15,20.0,19.94532995037062,0.05467004962937949,0.05467004962937949
3,26020252.jpg,434.85,19.0,18.9928325386756,0.0071674613243999374,0.0071674613243999374
4,26040182.jpg,468.3,20.5,20.421669445330966,0.0783305546690336,0.0783305546690336
5,26031779.jpg,501.75,22.0,21.85031789760633,0.14968210239366897,0.14968210239366897
6,26031615.jpg,512.9,22.0,22.345270682638542,-0.3452706826385423,0.3452706826385423
7,26030501.jpg,546.35,24.0,23.751990892430218,0.24800910756978212,0.24800910756978212
8,26030375.jpg,501.75,21.5,21.868329818412548,-0.36832981841254764,0.36832981841254764
9,26040832.png,557.5,24.0,24.25429407132984,-0.2542940713298414,0.2542940713298414
10,25101444.jpg,512.9,22.5,22.326205964966928,0.17379403503307245,0.17379403503307245
11,2402-1701.png,457.15,20.0,19.945329950370617,0.054670049629383044,0.054670049629383044
12,24021701.png,502.75,22.0,21.894629999191096,0.1053700008089038,0.1053700008089038
13,26040460.jpg,510.9,22.0,22.256325678330647,-0.2563256783306471,0.2563256783306471
14,26030501.png,546.35,22.5,23.826914395281857,-1.3269143952818574,1.3269143952818574
15,2603-0501.png,556.0,24.0,24.186384917028295,-0.1863849170282954,0.1863849170282954
16,26050235.png,557.5,24.5,24.226397781539095,0.2736022184609048,0.2736022184609048
17,26020854.png,541.89,23.5,23.576456459338758,-0.07645645933875755,0.07645645933875755
18,26050330.png,508.44,22.0,22.14703317916055,-0.1470331791605517,0.1470331791605517
19,25120477.png,557.5,24.5,24.2263977815391,0.27360221846090127,0.27360221846090127
20,26031782-1.png,435.97,19.5,19.021878847418645,0.47812115258135535,0.47812115258135535
21,26031782.png,278.75,12.0,12.378352311193012,-0.37835231119301227,0.37835231119301227
22,26041442.png,568.65,25.0,24.700254553708216,0.2997454462917837,0.2997454462917837
23,26041293.png,463.84,20.0,20.241791994841044,-0.2417919948410443,0.2417919948410443
24,26031506.png,423.7,18.5,18.516799135496424,-0.016799135496423645,0.016799135496423645
25,26041241.png,546.35,24.0,23.751990892430214,0.24800910756978567,0.24800910756978567
26,26020433.jpg,546.9,24.0,23.776642328026288,0.22335767197371226,0.22335767197371226
27,26031826.png,613.25,27.0,26.588483112689392,0.41151688731060787,0.41151688731060787
28,26050586.png,454.92,20.0,19.846373980692572,0.1536260193074277,0.1536260193074277
29,26041394.png,223.0,10.0,9.904494114470731,0.09550588552926875,0.09550588552926875
30,26071701.png,151.41,7.0,6.778082555645936,0.22191744435406413,0.22191744435406413
