image_name,tooth_number,tooth_type,root_id,midline_length_px,actual_wl_mm,first_binding_file_size_k,notes
26041073.jpg,,,R1,490.6,21.5,15,
24100639.jpg,,,R1,457.15,20.0,6,
26020252.jpg,,,R1,434.85,19.0,15,
26040182.jpg,,,R1,468.3,20.5,25,
26031779.jpg,,,R1,501.75,22.0,20,
26031615.jpg,,,R1,512.9,22.0,15,
26030501.jpg,,,R1,546.35,24.0,15,
26030375.jpg,,,R1,501.75,21.5,15,
26040832.png,,,R1,557.5,24.0,15,
25101444.jpg,,,R1,512.9,22.5,35,
2402-1701.png,,,R1,457.15,20.0,20,
24021701.png,,,R1,502.75,22.0,15,
26040460.jpg,,,R1,510.90,22.0,15,
26030501.png,,,R1,546.35,22.5,25,
2603-0501.png,,,R1,556.0,24.0,15,
26050235.png,,,R1,557.50,24.5,15,
26020854.png,,,R1,541.89,23.5,20,
26050330.png,,,R1,508.44,22.0,15,
25120477.png,,,R1,557.50,24.5,20,
26031782-1.png,,,R1,435.97,19.5,20,
26031782.png,,,R1,278.75,12.0,15,
26041442.png,,,R1,568.65,25.0,20,
26041293.png,,,R1,463.84,20.0,15,
26031506.png,,,R1,423.7,18.5,20,
26041241.png,,,R1,546.35,24.0,45,
26020433.jpg,,,R1,546.90,24.0,25,
26031826.png,,,R1,613.25,27.0,20,
26050586.png,,,R1,454.92,20.0,55,
26041394.png,,,R1,223.00,10.0,15,
26071701.png,,,R1,151.41,7.0,15,
