image_name,predicted_wl_mm,apical_diameter_px,continuous_file_size_k,preparation_protocol,size_policy,recommended_master_gp_size,recommended_gp_taper,master_gp_recommendation
2402-1701_tooth.png,21.91954018385714,2.25,19.053869904187085,upsize-04,up,20,0.04,20/.04
2402-1701_tooth_2.png,21.394715026486004,8.5,20.30796905688092,upsize-04,up,25,0.04,25/.04
24021701_tooth.png,22.190578059370228,6.0,20.42917998448584,upsize-04,up,25,0.04,25/.04
25101444_tooth.png,24.35832527354884,11.0,24.183102874661586,upsize-04,up,25,0.04,25/.04
25120477_tooth.png,22.544562304864087,7.0,21.09538623608128,upsize-04,up,25,0.04,25/.04
26020252_tooth.png,20.712296456361745,5.0,18.567838270451965,upsize-04,up,20,0.04,20/.04
26020433_tooth.png,21.156682161182403,9.0,20.199897899289983,upsize-04,up,25,0.04,25/.04
2603-0501_tooth.png,19.9968025228728,7.0,18.387100883562702,upsize-04,up,20,0.04,20/.04
26030375_tooth.png,21.766719060131752,6.0,19.97861508928464,upsize-04,up,20,0.04,20/.04
26031506_tooth.png,21.1691346696528,3.0,18.47362293090735,upsize-04,up,20,0.04,20/.04
26031615_tooth.png,21.27675623626737,8.75,20.255057758926288,upsize-04,up,25,0.04,25/.04
26031779_tooth.png,20.50423872538368,4.25,18.129232529985625,upsize-04,up,20,0.04,20/.04
26031782_tooth.png,20.62222096665404,6.0,18.76200611207231,upsize-04,up,20,0.04,20/.04
26040182_tooth.png,20.259885801637942,4.0,17.797004100517178,upsize-04,up,20,0.04,20/.04
26040832_tooth.png,20.83779006950229,0.875,17.505324258273063,upsize-04,up,20,0.04,20/.04
26041073_tooth.png,21.31079778296348,5.25,19.27652877411294,upsize-04,up,20,0.04,20/.04
26041241_tooth.png,20.24972211581672,7.0,18.65595606911698,upsize-04,up,20,0.04,20/.04
26041293_tooth.png,20.473606961609608,8.0,19.18386580583996,upsize-04,up,20,0.04,20/.04
26041394_tooth.png,20.811876657336967,12.0,20.703123421267403,upsize-04,up,25,0.04,25/.04
26041442_tooth.png,21.639518210425017,6.25,19.91587942149904,upsize-04,up,20,0.04,20/.04
26050235_tooth.png,21.686514118098604,6.25,19.965836379482425,upsize-04,up,20,0.04,20/.04
26050330_tooth.png,21.36577642864708,5.0,19.26249176550061,upsize-04,up,20,0.04,20/.04
26061142_tooth.png,21.13053423849974,6.25,19.37482612221407,upsize-04,up,20,0.04,20/.04
26070571_tooth.png,22.01612099531567,3.25,19.44645461775,upsize-04,up,20,0.04,20/.04
new_tooth.png,21.79794413551468,5.75,19.93932787970357,upsize-04,up,20,0.04,20/.04
