image_name,midline_length_px,predicted_wl_mm
2402-1701_tooth.png,98.0454,21.91954018385714
2402-1701_tooth_2.png,75.6658,21.394715026486004
24021701_tooth.png,109.603,22.190578059370228
25101444_tooth.png,202.0401,24.358325273548836
25120477_tooth.png,124.6976,22.544562304864087
26020252_tooth.png,46.5661,20.712296456361745
26020433_tooth.png,65.5156,21.156682161182403
2603-0501_tooth.png,16.056,19.9968025228728
26030375_tooth.png,91.5288,21.766719060131752
26031506_tooth.png,66.0466,21.1691346696528
26031615_tooth.png,70.6358,21.276756236267374
26031779_tooth.png,37.6941,20.50423872538368
26031782_tooth.png,42.7251,20.62222096665404
26040182_tooth.png,27.2744,20.259885801637942
26040832_tooth.png,51.9174,20.83779006950229
26041073_tooth.png,72.0874,21.310797782963473
26041241_tooth.png,26.841,20.24972211581672
26041293_tooth.png,36.3879,20.473606961609608
26041394_tooth.png,50.8124,20.811876657336967
26041442_tooth.png,86.1047,21.639518210425017
26050235_tooth.png,88.1087,21.686514118098604
26050330_tooth.png,74.4318,21.36577642864708
26061142_tooth.png,64.4006,21.13053423849974
26070571_tooth.png,102.1638,22.01612099531567
new_tooth.png,92.8603,21.797944135514676
