image_name,pdl_pattern_score,fracture_probability_score,rct_success_score
frac01.jpg,3,2,0.5
frac02.jpg,2,1,1
frac03.jpg,3,3,0
frac04.jpg,1,2,0.5
frac05.jpg,3,2,0.5
frac06.jpg,1,0,1
frac07.jpg,1,3,0
frac08.jpg,3,1,1
frac09.jpg,1,2,0.5
frac10.jpg,1,0,1
frac11.jpg,1,0,1
frac12.jpg,3,3,0
frac13.jpg,3,3,0
frac14.jpg,3,2,0.5
frac15.jpg,3,3,0
frac16.jpg,3,2,0.5
frac17.jpg,1,1,1
frac18.jpg,3,3,0
frac19.jpg,3,3,0
frac20.jpg,2,2,0.5
frac21.jpg,1,1,1
frac22.jpg,2,2,0.5
frac23.jpg,2,1,1
frac24.jpg,3,3,0
frac25.jpg,3,2,0.5
frac26.jpg,3,3,0
frac27.jpg,3,3,0
frac28.jpg,3,2,0.5
frac29.jpg,3,3,0
frac30.jpg,3,2,0.5
frac31.jpg,1,1,1
frac32.jpg,2,3,0
frac33.jpg,3,3,0
frac34.jpg,1,1,1
