image_name,predicted_wl_mm,median_canal_width_px,valid_width_measurements,width_valid,reason
2402-1701_tooth.png,21.91954018385714,2.25,5,True,valid
2402-1701_tooth_2.png,21.394715026486004,8.5,5,True,valid
2402-1701_tooth_4.png,,,0,False,invalid_canal_midline
24021701_tooth.png,22.190578059370228,6.0,5,True,valid
24100639_tooth.png,,,0,False,invalid_canal_midline
25101444_tooth.png,24.35832527354884,11.0,5,True,valid
25120477_tooth.png,22.544562304864087,7.0,5,True,valid
26020252_tooth.png,20.712296456361745,5.0,5,True,valid
26020433_tooth.png,21.156682161182403,9.0,5,True,valid
26020854_tooth.png,,,0,False,invalid_canal_midline
2603-0501_tooth.png,19.9968025228728,7.0,5,True,valid
26030375_tooth.png,21.766719060131752,6.0,5,True,valid
26030501_tooth.png,,,0,False,invalid_canal_midline
26031506_tooth.png,21.1691346696528,3.0,5,True,valid
26031615_tooth.png,21.27675623626737,8.75,5,True,valid
26031779_tooth.png,20.50423872538368,4.25,5,True,valid
26031782-1_tooth.png,,,0,False,invalid_canal_midline
26031782_tooth.png,20.62222096665404,6.0,5,True,valid
26031826_tooth.png,,,0,False,invalid_canal_midline
26040182_tooth.png,20.259885801637942,4.0,5,True,valid
26040460_tooth.png,,,0,False,invalid_canal_midline
26040832_tooth.png,20.83779006950229,0.875,4,True,valid
26041073_tooth.png,21.310797782963476,5.25,5,True,valid
26041241_tooth.png,20.24972211581672,7.0,5,True,valid
26041293_tooth.png,20.473606961609608,8.0,5,True,valid
26041394_tooth.png,20.811876657336967,12.0,5,True,valid
26041442_tooth.png,21.639518210425017,6.25,5,True,valid
26050235_tooth.png,21.686514118098604,6.25,5,True,valid
26050330_tooth.png,21.36577642864708,5.0,5,True,valid
26050586_tooth.png,,,0,False,invalid_canal_midline
26061142_tooth.png,21.13053423849974,6.25,4,True,valid
26070571_tooth.png,22.01612099531567,3.25,5,True,valid
new_tooth.png,21.79794413551468,5.75,5,True,valid
