image_name,fraction,width_px,valid,reason,left_wall_x,left_wall_y,centre_x,centre_y,right_wall_x,right_wall_y
2402-1701_tooth.png,0.95,2.25,True,valid,37.536643283644736,115.24261174797772,35.90784686177004,116.02381753750679,35.50791694318408,116.21563252654369
2402-1701_tooth.png,0.96,2.25,True,valid,37.49955768522489,116.30421034973998,36.33905940530121,116.90425566532365,35.50091872679976,117.33762329424248
2402-1701_tooth.png,0.97,2.25,True,valid,37.50490003301246,117.3767997467527,36.800390779314554,117.7692633996786,35.539314384762285,118.47177602932366
2402-1701_tooth.png,0.98,2.5,True,valid,37.5553458252909,118.45944657262226,37.292556614228246,118.61709557172209,35.411525239132544,119.74553882995205
2402-1701_tooth.png,0.99,4.75,True,valid,37.44350555659653,119.68656597335055,37.81610636293524,119.44593021350771,33.45330747766841,122.26354468706131
2402-1701_tooth_2.png,0.95,5.0,True,valid,27.381696841018808,107.42138292769991,24.355293578351976,106.51036160665694,22.59391746035024,105.9801443624218
2402-1701_tooth_2.png,0.96,8.25,True,valid,30.456220608146882,109.30744257131161,24.12734452627216,107.23180908335756,22.61704405944017,106.73648729394743
2402-1701_tooth_2.png,0.97,8.5,True,valid,30.392943860553526,110.27024683568797,23.884173098226217,107.94826384273958,22.387133735580825,107.41419987478474
2402-1701_tooth_2.png,0.98,8.5,True,valid,30.53491616792843,111.33685322462709,23.625068665500066,108.65911922191036,22.609228674665694,108.26545651317176
2402-1701_tooth_2.png,0.99,8.75,True,valid,29.525976910442314,111.85607006624922,23.3493227422301,109.36370770849526,21.411673490025166,108.5818403856363
24021701_tooth.png,0.95,6.0,True,valid,38.48089969664993,133.42225407392777,36.12962870553016,133.3846492978295,32.48166691431134,133.32630604990445
24021701_tooth.png,0.96,6.0,True,valid,38.45984863413257,134.52831411246353,36.108763526707605,134.48047886906178,32.46109013126232,134.4062632040609
24021701_tooth.png,0.97,6.0,True,valid,38.43355157468537,135.63472037042285,36.0827082244209,135.5761974229231,32.43540991159584,135.48539994479535
24021701_tooth.png,0.98,7.0,True,valid,39.401317995710805,136.77107243632003,36.051217627206775,136.67177346771913,32.40439094809263,136.56367935468697
24021701_tooth.png,0.99,7.0,True,valid,39.61346293953236,137.89166317249047,36.01404347251005,137.767171777309,32.617645982903774,137.6497022059112
25101444_tooth.png,0.95,11.0,True,valid,53.51570460816947,231.2564692830955,46.26922796581035,231.07453018826413,42.51917002666455,230.9803765490976
25101444_tooth.png,0.96,11.0,True,valid,54.4643671392325,233.30340279630335,46.21825791941051,233.0942883479681,43.467902414214365,233.02454162756177
25101444_tooth.png,0.97,14.0,True,valid,57.41183017705224,235.40202839296333,46.166757190913756,235.1140330459373,43.416419312169985,235.0435946848165
25101444_tooth.png,0.98,14.0,True,valid,57.60964130814142,237.43104859762977,46.114724611731766,237.1337641128254,43.61432095496643,237.0690980319362
25101444_tooth.png,0.99,2.0,True,valid,44.561430612599416,239.11429192235437,46.06215873292618,239.15348137112514,42.56211218535547,239.06208247414074
25120477_tooth.png,0.95,7.0,True,valid,21.471949838888186,139.00551411145608,16.980058758323338,138.84207580439593,14.476578830205062,138.75098621342588
25120477_tooth.png,0.96,7.0,True,valid,21.429516900566014,140.23534063699287,16.937058828366062,140.08830992796177,14.433262896998277,140.00636483573348
25120477_tooth.png,0.97,7.0,True,valid,21.389659367229132,141.47327181160605,16.896934276179106,141.33463986679448,14.392989526347204,141.25737568451422
25120477_tooth.png,0.98,7.0,True,valid,21.60244879003416,142.71839673258344,16.859573427316718,142.58105560402598,14.60538179516335,142.51578017528956
25120477_tooth.png,0.99,6.0,True,valid,20.568517773648157,143.92873809153974,16.82502157083058,143.8275524038924,14.57070839210116,143.76661892972714
26020252_tooth.png,0.95,5.0,True,valid,35.51013611340145,68.73432715058978,32.972012588978075,68.6944018570875,30.510754599791742,68.655685676942
26020252_tooth.png,0.96,5.0,True,valid,35.51301453439094,69.10987833350416,32.97507160461239,69.15998561321113,30.51398874087133,69.20857542426977
26020252_tooth.png,0.97,5.0,True,valid,35.521895162998625,69.57545436234555,32.98395223322007,69.62556164205253,30.522869369479015,69.67415145311116
26020252_tooth.png,0.98,5.0,True,valid,35.535302586681965,69.99598953407065,32.998640797327035,70.0909211974883,30.53880027544703,70.18297791291806
26020252_tooth.png,0.99,4.0,True,valid,35.56110435608119,70.46093487805429,33.02444256672626,70.55586654147194,31.56390250709324,70.61052558113222
26020433_tooth.png,0.95,7.0,True,valid,29.526653430281677,100.89215580157592,26.40538677919808,100.9937774133655,22.530360522224903,101.1199397884461
26020433_tooth.png,0.96,9.0,True,valid,31.543437681898084,101.52760534411851,26.421949079574222,101.64872083326391,22.545953257387612,101.74038229468289
26020433_tooth.png,0.97,9.0,True,valid,31.558550159709984,102.23061836657187,26.436151221482948,102.30371818254076,22.559466447620085,102.35904088328239
26020433_tooth.png,0.98,11.0,True,valid,32.567910130308704,102.87143724187155,26.445613001849456,102.95880622636383,21.56903003775438,103.02839809562886
26020433_tooth.png,0.99,11.0,True,valid,32.57374477947763,103.55567063554238,26.451101472089253,103.61393210723584,21.574242766677987,103.66033901862252
2603-0501_tooth.png,0.95,7.0,True,valid,28.448731079881306,66.990129987162,25.03750109400263,67.24496965876466,21.468183198168273,67.51161946079657
2603-0501_tooth.png,0.96,7.0,True,valid,28.46280448868277,67.1500721445514,25.05157450280409,67.40491181615405,21.482256606969734,67.67156161818596
2603-0501_tooth.png,0.97,7.0,True,valid,28.47687789748423,67.31001430194081,25.065647911605552,67.56485397354346,21.496330015771196,67.83150377557537
2603-0501_tooth.png,0.98,7.0,True,valid,28.490951306285694,67.4699564593302,25.079721320407018,67.72479613093286,21.51040342457266,67.99144593296477
2603-0501_tooth.png,0.99,7.0,True,valid,28.50502471508716,67.62989861671961,25.09379472920848,67.88473828832227,21.524476833374123,68.15138809035417
26030375_tooth.png,0.95,5.0,True,valid,28.38067752309502,105.7277666061688,26.445492523116755,105.70954271230676,23.38089921431878,105.68068303057582
26030375_tooth.png,0.96,5.0,True,valid,28.620895767405223,106.64908658796597,26.435760155290666,106.62477909197013,23.621205098344863,106.59346992040315
26030375_tooth.png,0.97,6.0,True,valid,29.609717870860738,107.58105344267514,26.42471162883008,107.54000044160972,23.61021622307195,107.50372312404392
26030375_tooth.png,0.98,7.0,True,valid,30.597136260331414,108.51677466591416,26.4123183614644,108.45520456788856,23.597893762892202,108.41379669719801
26030375_tooth.png,0.99,7.0,True,valid,30.583312283078296,109.43580396849211,26.398552716464305,109.37038918972378,23.584167348207924,109.32639564760917
26031506_tooth.png,0.95,3.0,True,valid,39.60121851480834,90.45627227453568,38.0487376557672,90.49352188253721,36.60208168154965,90.52823237035989
26031506_tooth.png,0.96,3.0,True,valid,39.61661358197688,91.11924619182335,38.0640705994106,91.15380973142213,36.61735673631909,91.18601724674156
26031506_tooth.png,0.97,3.0,True,valid,39.38139587281612,91.78511248196797,38.07879096072133,91.81411176699024,36.38213902715833,91.85188353688618
26031506_tooth.png,0.98,3.0,True,valid,39.39499165206869,92.44782713311064,38.09233577743397,92.47443893171489,36.39561746480923,92.50910098399049
26031506_tooth.png,0.99,3.0,True,valid,39.407907892287014,93.10938633837269,38.10522768057472,93.13477888764412,36.40847766873762,93.16785285920636
26031615_tooth.png,0.95,9.25,True,valid,26.443368093845923,75.49697530919076,21.5111469192123,72.4474584865163,18.57573032969438,70.63253536073867
26031615_tooth.png,0.96,9.5,True,valid,26.34144700717142,76.56103013477313,21.1211621725494,73.03628777427762,18.46811910434179,71.24495002490606
26031615_tooth.png,0.97,8.75,True,valid,25.593616908394836,77.20249511766895,20.72106681327369,73.61829003349723,18.545170124169093,72.01771952658135
26031615_tooth.png,0.98,7.75,True,valid,24.772553377121373,77.47540658538375,20.30277166967027,74.18747439213132,18.529643368235718,72.88317677613473
26031615_tooth.png,0.99,7.5,True,valid,24.472230620340067,78.27420726599,19.870376144677927,74.74585156508523,18.520349826689756,73.7107529802349
26031779_tooth.png,0.95,5.0,True,valid,65.54857649573096,35.93808130625628,64.35129816397242,38.76073593332712,63.596119574298626,40.541114216191964
26031779_tooth.png,0.96,4.25,True,valid,65.70036864793995,36.54552028343333,64.69833600832465,38.90787161951061,64.04078026472247,40.458098256878664
26031779_tooth.png,0.97,4.5,True,valid,66.14502933836378,36.46250432412004,65.04537385267686,39.0550073056941,64.38781810907469,40.60523394306215
26031779_tooth.png,0.98,4.25,True,valid,66.46635972155167,36.59237374498535,65.39470316476968,39.19657537331175,64.84902702455408,40.522607191896924
26031779_tooth.png,0.99,3.25,True,valid,66.53101632507571,37.42571699632283,65.74477142070506,39.33634801637072,65.2942324979599,40.43118963219639
26031782_tooth.png,0.95,6.0,True,valid,7.573808006385692,105.63680091470462,3.857218859562007,105.89600518210867,1.5883470436430205,106.05424200454075
26031782_tooth.png,0.96,6.0,True,valid,7.603179248733261,106.06304163234246,3.8865901019095768,106.3222458997465,1.6177182859905903,106.48048272217859
26031782_tooth.png,0.97,6.0,True,valid,7.3831562842998855,106.50667572872347,3.9159613442571457,106.74848661738434,1.3976953215572143,106.92411681855961
26031782_tooth.png,0.98,6.0,True,valid,7.419180161239391,106.85680310308823,3.9580282162727367,107.17356874514319,1.4441512946872828,107.40363949897738
26031782_tooth.png,0.99,6.0,True,valid,7.467448107189175,107.28131932732853,4.0062961622225215,107.59808496938349,1.4924192406370675,107.82815572321769
26040182_tooth.png,0.95,4.0,True,valid,14.580008872889467,39.62398541311068,12.374672290471592,39.84425789119285,10.599813468282168,40.02153357515264
26040182_tooth.png,0.96,4.25,True,valid,14.607061456308147,39.89538437740123,12.401724873890272,40.1156568554834,10.378103838912892,40.31777929957081
26040182_tooth.png,0.97,4.0,True,valid,14.385890914517983,40.186478885830326,12.42982688111831,40.386948265963476,10.406733670253555,40.594287205286825
26040182_tooth.png,0.98,4.0,True,valid,14.41445298921925,40.457723144712176,12.458388955819578,40.658192524845326,10.435295744954823,40.865531464168676
26040182_tooth.png,0.99,4.0,True,valid,14.443015063920516,40.728967403594034,12.486951030520844,40.92943678372718,10.46385781965609,41.13677572305053
26040832_tooth.png,0.95,0.5,True,valid,43.914789794859956,218.54408380312051,43.546444777584,218.86157465910574,43.53606043223363,218.87052532910127
26040832_tooth.png,0.96,1.0,True,valid,44.44294239820802,218.77426424045092,43.885232699618896,219.25497585942654,43.685483672955364,219.42714729241246
26040832_tooth.png,0.97,,False,normal_does_not_intersect_canal,,,,,,
26040832_tooth.png,0.98,0.75,True,valid,45.129060988286184,219.51069486068477,44.59258626038505,220.01499500429168,44.58259730222211,220.0243848837661
26040832_tooth.png,0.99,2.5,True,valid,46.55877521150328,218.81280137252895,44.96262143124759,220.37909908276401,44.77439864321492,220.5638011619474
26041073_tooth.png,0.95,5.25,True,valid,41.54906146028821,97.18891387279639,38.40816983594549,96.24055682141767,36.52316330370711,95.67140020904417
26041073_tooth.png,0.96,5.25,True,valid,41.551813992383735,98.02606174407417,38.19552189006375,96.92931396808557,36.56149331766557,96.3953565090668
26041073_tooth.png,0.97,5.25,True,valid,41.56568423697812,98.7889802200423,37.97175781681442,97.61457981381525,36.57536356225996,97.15827498503494
26041073_tooth.png,0.98,6.0,True,valid,41.06457145238318,99.46893902610609,37.734410105894256,98.29523643746509,35.40575085567473,97.47450941986065
26041073_tooth.png,0.99,4.25,True,valid,40.56962634784835,100.09882013113783,37.488018294211656,98.97264381433507,36.577835670250444,98.64001679064177
26041241_tooth.png,0.95,7.0,True,valid,23.53103538270501,82.60080875463633,20.03659559276291,82.44551064247953,16.53793782113249,82.29002507693029
26041241_tooth.png,0.96,7.0,True,valid,23.519287345076528,82.86896111617071,20.02484755513443,82.71366300401391,16.52618978350401,82.55817743846467
26041241_tooth.png,0.97,7.0,True,valid,23.504238371640504,83.16351639857085,20.011077425029523,82.9817100448812,16.513700040364704,82.79968424088855
26041241_tooth.png,0.98,7.0,True,valid,23.48806498823855,83.43143826601343,19.994904041627567,83.24963191232378,16.497526656962748,83.06760610833113
26041241_tooth.png,0.99,7.0,True,valid,23.471891604836593,83.699360133456,19.97873065822561,83.51755377976635,16.481353273560792,83.3355279757737
26041293_tooth.png,0.95,8.5,True,valid,32.487221358544005,130.86524438185342,29.311510574313203,133.15873897159406,25.59637138509988,135.8418081203667
26041293_tooth.png,0.96,8.75,True,valid,32.49747930950716,131.30668747499035,29.52444058331884,133.45381254301,25.403957278020567,136.42962073522457
26041293_tooth.png,0.97,8.0,True,valid,32.50773726047033,131.74813056812727,29.737370592324478,133.74888611442594,26.022231403111153,136.43195526319857
26041293_tooth.png,0.98,7.5,True,valid,32.49428672990191,132.14269625458394,29.95722880998388,134.03878176159154,26.486671011356115,136.63252402169056
26041293_tooth.png,0.99,7.5,True,valid,32.516713751233276,132.58014325970285,30.179909688600112,134.32656784114022,26.50909803268749,137.06997102680947
26041394_tooth.png,0.95,11.75,True,valid,35.59158437351436,69.38147723782613,30.189884426713615,67.34042160596404,24.600065414271064,65.2282843734632
26041394_tooth.png,0.96,12.0,True,valid,35.4323352935798,70.35507945077481,29.975954290690716,67.8012780381254,24.563861941083402,65.26820546117413
26041394_tooth.png,0.97,12.5,True,valid,35.37774780996625,71.52420058458387,29.735324160017402,68.24830369196522,24.56759555712585,65.24800681204866
26041394_tooth.png,0.98,12.5,True,valid,34.545467530616165,72.35836065271965,29.4642383835878,68.67735120480403,24.422609521226434,65.02502950502598
26041394_tooth.png,0.99,11.5,True,valid,33.450532737219085,72.56188168855931,29.15902774580908,69.08301255908485,24.517098774792608,65.32007544709128
26041442_tooth.png,0.95,15.5,True,valid,61.44625598249512,174.63178731152752,51.28476868768649,181.31255346619434,48.494703411452726,183.146908332366
26041442_tooth.png,0.96,12.25,True,valid,59.503547434740184,176.68694655996646,51.757830083418575,182.03200534794615,49.42112866864219,183.6444843302581
26041442_tooth.png,0.97,6.0,True,valid,54.43686567742019,181.22945295266,52.246766829866864,182.74076643864225,49.49853811851505,184.6372265544355
26041442_tooth.png,0.98,6.25,True,valid,54.497339354814386,182.17525403048322,52.74653234512167,183.44187800003942,49.43355041750678,185.83865976809966
26041442_tooth.png,0.99,6.25,True,valid,54.59150140834528,183.14729948659362,53.25655995850665,184.13555696388556,49.56821079275817,186.86604274088725
26050235_tooth.png,0.95,6.75,True,valid,39.62136487450381,128.35350406655297,36.08977803081549,128.97347006821636,32.973029750823095,129.520611637959
26050235_tooth.png,0.96,6.0,True,valid,39.52734539373514,129.26456903064567,36.24199318425721,129.84130882596068,33.61771417268561,130.3019979830066
26050235_tooth.png,0.97,6.0,True,valid,39.43703831780269,130.11769792908285,36.40816011711045,130.70656907906678,33.54731778667401,131.26277088099522
26050235_tooth.png,0.98,6.25,True,valid,39.603249753563205,130.92513575860363,36.58569992065863,131.5695466460424,33.49107030578801,132.23041825607095
26050235_tooth.png,0.99,6.25,True,valid,39.54198368343726,131.81263967088626,36.77444647562333,132.43014646709833,33.44198301735325,133.17370244452115
26050330_tooth.png,0.95,5.0,True,valid,46.5025668276092,85.6100103976834,44.540842665221284,85.25105025335527,41.58422780134106,84.71004305233816
26050330_tooth.png,0.96,5.25,True,valid,46.61122002280034,86.39786272839585,44.405606204807036,85.98297786259353,41.45170642563267,85.42733738578909
26050330_tooth.png,0.97,4.0,True,valid,45.49085287610037,86.94448931827847,44.26800355280567,86.71446642249649,41.55979489730596,86.20504143819713
26050330_tooth.png,0.98,5.25,True,valid,45.594339021901796,87.72877371805164,44.127170487963866,87.44533909671755,40.43964545128114,86.73296540667738
26050330_tooth.png,0.99,5.0,True,valid,45.45085283837936,88.4628421183678,43.98437986235307,88.17583044241547,40.5439482439303,87.50248421582589
26061142_tooth.png,0.95,6.25,True,valid,54.48545756025402,128.53453694357975,51.271795750459376,124.67960063337597,50.4834122588637,123.73389808967502
26061142_tooth.png,0.96,6.25,True,valid,54.47097959841839,129.5229146079297,50.77707235245691,125.09190163525736,50.46893429702808,124.72227575402498
26061142_tooth.png,0.97,6.25,True,valid,54.358718878117756,130.58324642149398,50.27841296808631,125.49938952848284,50.44665088755485,125.70900555370615
26061142_tooth.png,0.98,4.75,True,valid,53.543449878287966,130.59633877577733,49.77610940750155,125.9024211521892,50.570278205460156,126.89191571625858
26061142_tooth.png,0.99,,False,centre_outside_canal,,,,,,
26070571_tooth.png,0.95,3.25,True,valid,40.60562342762867,107.77823982709056,39.43723894286568,108.05251265713635,37.441630952715705,108.52097236218923
26070571_tooth.png,0.96,3.25,True,valid,40.59558726855418,108.81903738316548,39.6730820727336,109.04654470307061,37.44012988123534,109.59723316625282
26070571_tooth.png,0.97,3.25,True,valid,40.59741873520754,109.86267898323297,39.91957748478433,110.03799065866069,37.450950166210845,110.67645754298731
26070571_tooth.png,0.98,3.25,True,valid,40.61118726704762,110.9090849244698,40.17668982465201,111.02673884178004,37.474160620893045,111.75853405262062
26070571_tooth.png,0.99,3.0,True,valid,40.396324297840565,112.02598377311698,40.44437185150159,112.01268117659053,37.50508966540354,112.82646006895386
new_tooth.png,0.95,7.0,True,valid,35.89275424794844,122.45525678635727,32.90212862196104,121.10842131512022,29.510145728341527,119.5808336293671
new_tooth.png,0.96,5.5,True,valid,35.47759391854457,123.35796193328251,32.51426138076027,121.95209291665839,30.50845433414493,121.0004946926294
new_tooth.png,0.97,5.5,True,valid,35.49298263016677,124.47719791908385,32.111205305113735,122.78861886798687,30.572289563904164,122.02021201199463
new_tooth.png,0.98,5.75,True,valid,35.48229054396789,125.60730349079033,31.692966788625217,123.61766728487383,30.39138599451122,122.93425450726582
new_tooth.png,0.99,5.75,True,valid,35.468709143320325,126.70404814287009,31.25958630867349,124.43891649455375,30.40533807836601,123.97920439348125
