image_name,valid_row_count,mean_root_width_px,median_root_width_px,mean_left_width_px,mean_right_width_px,mean_overall_width_px,median_left_width_px,median_right_width_px,median_overall_width_px,std_left_width_px,std_right_width_px,std_overall_width_px,variance_left_width_px,variance_right_width_px,variance_overall_width_px,min_left_width_px,min_right_width_px,min_overall_width_px,max_left_width_px,max_right_width_px,max_overall_width_px,p75_overall_width_px,p90_overall_width_px,p95_overall_width_px,overall_width_cv,mean_asymmetry_px,median_asymmetry_px,max_asymmetry_px,asymmetry_variance_px,asymmetry_std_px,left_right_mean_difference_px,mean_left_width_normalized,mean_right_width_normalized,mean_overall_width_normalized,median_left_width_normalized,median_right_width_normalized,median_overall_width_normalized,std_left_width_normalized,std_right_width_normalized,std_overall_width_normalized,variance_left_width_normalized,variance_right_width_normalized,variance_overall_width_normalized,max_left_width_normalized,max_right_width_normalized,max_overall_width_normalized,p75_overall_width_normalized,p90_overall_width_normalized,p95_overall_width_normalized,mean_asymmetry_normalized,median_asymmetry_normalized,max_asymmetry_normalized,asymmetry_variance_normalized,asymmetry_std_normalized,left_right_mean_difference_normalized,asymmetry_ratio,left_right_correlation,left_dominant_ratio,right_dominant_ratio,balanced_ratio,dominant_side,side_dominant_length_ratio,side_consistency,side_switch_count,width_spike_count,width_spike_ratio,width_max_spike_ratio,asymmetry_spike_count,asymmetry_spike_ratio,asymmetry_max_spike_ratio,coronal_mean_width_normalized,middle_mean_width_normalized,apical_mean_width_normalized,coronal_mean_asymmetry_normalized,middle_mean_asymmetry_normalized,apical_mean_asymmetry_normalized,pdl_pattern_score,pdl_pattern_label,uniform_score,side_score,irregular_score,predicted_pdl_pattern_score,predicted_pdl_pattern_label,prediction_confidence_margin,uniform_correlation_score,uniform_low_asymmetry_score,uniform_low_asymmetry_variance_score,uniform_balanced_score,side_dominance_score,side_consistency_score,side_lr_difference_score,side_controlled_variance_score,irregular_asymmetry_score,irregular_asymmetry_variance_score,irregular_low_correlation_score,irregular_width_variance_score,irregular_inconsistency_score,prediction_correct
frac01,448,69.50223541259766,77.0,18.32589340209961,18.40401840209961,18.36495590209961,20.0,20.5,20.5,6.62052059173584,7.05587911605835,6.031738758087158,43.83129501342773,49.78542709350586,36.381874084472656,0.0,1.0,0.5,27.0,29.0,27.0,22.5,24.0,25.0,0.3284374212626107,4.578125,3.0,23.0,20.752824783325195,4.5555267333984375,0.078125,0.262664794921875,0.2816749811172485,0.2721698880195617,0.2727272808551788,0.2829675078392029,0.2692307829856872,0.0949001386761665,0.1098375916481018,0.0846236795186996,0.0090060364454984,0.0120642958208918,0.0071611674502491,0.5,0.5161290168762207,0.5,0.3043392300605774,0.409090906381607,0.4383291006088257,0.0788169577717781,0.0509574748575687,0.5,0.0076452712528407,0.0874372422695159,0.0190101861953735,0.2895873542267588,0.3633261979565538,0.2433035714285714,0.4196428571428571,0.3370535714285714,RIGHT,0.4196428571428571,0.632996632996633,33,16,0.0357142857142857,2.0253164768218994,60,0.1339285714285714,6.666665554046631,0.269536018371582,0.2186998128890991,0.3282914757728576,0.0392558239400386,0.0755313038825988,0.1219292730093002,3,Irregular localized widening,0.1874113539356636,0.08243795860972723,0.3055976648210593,3,Irregular localized widening,0.11818631088539572,0.0,0.24896988043418297,0.1935326781656142,0.5119047619047621,0.0,0.0,0.0,0.8243795860972722,0.2801995031973894,0.36045836981223484,0.7030432764426294,0.04838197709371248,0.62000962000962,True
frac02,696,72.7614974975586,73.0,18.670976638793945,17.097702026367188,17.88433837890625,23.0,22.0,20.5,7.876895427703857,8.109997749328613,6.718737602233887,62.04548263549805,65.77206420898438,45.14143753051758,0.0,0.0,1.0,30.0,29.0,27.5,23.5,24.0,24.5,0.3756771684748666,5.866379261016846,3.0,25.0,43.13013458251953,6.56735372543335,1.5732746124267578,0.266974002122879,0.2430069595575332,0.2549904584884643,0.2922362685203552,0.2515822649002075,0.257986843585968,0.1134152114391326,0.1134651899337768,0.0893956497311592,0.0128630101680755,0.012874349951744,0.0079915821552276,0.625,0.625,0.625,0.3133333325386047,0.3357142806053161,0.3983050584793091,0.0927242636680603,0.0410958901047706,0.5,0.0114850187674164,0.1071681827306747,0.0239670425653457,0.3636381699053069,0.242020634027701,0.3318965517241379,0.2270114942528735,0.4410919540229885,LEFT,0.3318965517241379,0.5938303341902313,32,15,0.021551724137931,2.37202525138855,57,0.0818965517241379,11.71165657043457,0.2398956567049026,0.2696368396282196,0.2554389238357544,0.0425412505865097,0.0724818632006645,0.1631496697664261,2,Side-dominant widening,0.11478731480454261,0.07782454358206889,0.4911504961325576,3,Irregular localized widening,0.376363181328015,0.0,0.035011328183687664,0.0,0.706896551724138,0.0,0.0,0.0,0.7782454358206888,0.4438148666830623,0.6943494580362086,0.9235988472223617,0.08298258980115002,0.7319133308850533,False
frac03,312,93.34935760498048,104.0,16.44230842590332,19.18910217285156,17.815704345703125,16.0,22.0,19.5,6.545932769775391,6.071117877960205,5.248825550079346,42.84923553466797,36.85847473144531,27.5501708984375,0.0,4.0,4.0,29.0,28.0,27.0,21.5,23.0,23.5,0.2946179083481076,6.060897350311279,6.0,20.0,20.02513694763184,4.474945545196533,2.746793746948242,0.1988724023103714,0.2527604401111603,0.2258164286613464,0.1778719425201416,0.2068965584039688,0.1846500933170318,0.1088023036718368,0.1386554688215255,0.11066135764122,0.0118379406630992,0.019225338473916,0.0122459363192319,0.5555555820465088,0.5555555820465088,0.5555555820465088,0.2946051955223083,0.4116754829883575,0.4695771634578705,0.0827812626957893,0.0588235259056091,0.5333333611488342,0.0091939959675073,0.0958853289484977,0.0538880378007888,0.3665865375097893,0.5939422245372321,0.1923076923076923,0.5224358974358975,0.2852564102564102,RIGHT,0.5224358974358975,0.7309417040358744,15,4,0.0128205128205128,1.894736886024475,25,0.0801282051282051,2.999995946884156,0.1672537922859192,0.1504075527191162,0.3597879409790039,0.0506740361452102,0.0622501410543918,0.1354196220636367,3,Irregular localized widening,0.13345873553633306,0.27281956265506885,0.3570348462829954,3,Irregular localized widening,0.08421528362792657,0.1255492129635202,0.18798057391093392,0.0,0.28347578347578345,0.18108974358974367,0.26980568011958145,0.3040846084293558,0.5418924267093388,0.32683838465634457,0.49513008413106957,0.28374140993230523,0.2602473466346625,0.34016655989750155,True
frac04,448,129.12722778320312,151.0,20.98214340209961,19.569196701049805,20.27566909790039,23.0,24.0,22.5,5.024906158447266,7.521673202514648,5.449587345123291,25.249679565429688,56.57556915283203,29.698001861572266,3.0,0.0,3.0,27.0,31.0,28.5,24.0,24.5,25.0,0.2687747229849797,4.479910850524902,2.0,25.0,26.785308837890625,5.175452709197998,1.412946701049805,0.2022877484560012,0.1692087352275848,0.1857482343912124,0.1546005606651306,0.1515151560306549,0.1535947769880294,0.1188721433281898,0.0964435040950775,0.0936774015426635,0.0141305867582559,0.0093013495206832,0.0087754558771848,0.5333333611488342,0.484375,0.5,0.2086004316806793,0.3523975014686584,0.4146027266979217,0.0579345598816871,0.0181818157434463,0.5,0.0094998562708497,0.0974672064185142,0.0330790132284164,0.3118983072521091,0.5089598486108892,0.2790178571428571,0.1160714285714285,0.6049107142857143,LEFT,0.2790178571428571,0.7062146892655368,14,2,0.0044642857142857,1.511315941810608,46,0.1026785714285714,25.50000190734864,0.1272166222333908,0.1427979916334152,0.2876229584217071,0.0267652198672294,0.025438368320465,0.1218093037605285,1,Uniform widening,0.26622009935614854,0.156061942616251,0.2601524993127747,1,Uniform widening,0.006067600043373866,0.0,0.5702375402817369,0.0,0.8244047619047621,0.0,0.18738229755178917,0.08504224450964631,0.7346968957119555,0.03452423390220119,0.5217266322478,0.43825482070747424,0.1156439948827,0.4108151735270378,True
frac05,256,100.8203125,108.0,19.8984375,20.55859375,20.228515625,21.0,22.0,22.0,4.955804347991943,6.273431301116943,4.326237678527832,24.55999755859375,39.35594177246094,18.716333389282227,1.0,1.0,8.5,28.0,30.0,27.0,23.0,24.0,25.0,0.213868271836077,5.12109375,3.0,21.0,27.176742553710938,5.213131904602051,0.66015625,0.2171082198619842,0.2131696790456771,0.2151389420032501,0.195121943950653,0.1939964145421981,0.1926229447126388,0.0945347473025322,0.0905686467885971,0.0731709450483322,0.0089368186891078,0.0082026794552803,0.0053539867512881,0.5161290168762207,0.5,0.5,0.2401648461818695,0.3000000119209289,0.3510638475418091,0.0652792453765869,0.0323891937732696,0.46875,0.0086171794682741,0.0928287655115127,0.003938540816307,0.3034283090208779,0.2497376591692569,0.18359375,0.33984375,0.4765625,RIGHT,0.33984375,0.6492537313432836,14,3,0.01171875,1.7719303369522097,30,0.1171875,10.596331596374512,0.1833014786243438,0.1801739931106567,0.2823159694671631,0.021251467987895,0.0574041716754436,0.1177000850439071,3,Irregular localized widening,0.23136817321945524,0.09247785138173278,0.2894061554887112,3,Irregular localized widening,0.05803798226925594,0.0,0.45724237882174,0.05468864738941431,0.6892361111111112,0.0,0.0,0.0,0.9247785138173278,0.12093229854808114,0.4449721276760087,0.909567892419533,0.0,0.5735607675906184,True
frac06,392,69.125,70.0,17.762754440307617,15.102041244506836,16.432397842407227,21.0,16.0,18.0,6.4493584632873535,5.888833999633789,5.213786602020264,41.5942268371582,34.67836380004883,27.183568954467773,1.0,0.0,1.5,26.0,26.0,25.5,20.5,22.0,22.5,0.3172870235995018,5.471938610076904,4.5,22.0,20.94819068908692,4.576919555664063,2.660713195800781,0.2689774632453918,0.2378353625535965,0.2534064352512359,0.2771084308624267,0.2253521084785461,0.2427521049976349,0.1081319451332092,0.1231536269187927,0.1039731055498123,0.0116925174370408,0.0151668163016438,0.010810405947268,0.5128205418586731,0.5333333611488342,0.5,0.2954545617103576,0.431999921798706,0.4862800240516662,0.0803823098540306,0.0625,0.4375,0.0049855629913508,0.0706085190176963,0.0311421006917953,0.3172070581962009,0.6150965211869602,0.4821428571428571,0.2372448979591837,0.2806122448979591,LEFT,0.4821428571428571,0.6702127659574468,25,13,0.0331632653061224,1.8843878507614136,47,0.1198979591836734,10.00000286102295,0.2484847456216812,0.2293867468833923,0.2825704216957092,0.0491407699882984,0.0909482911229133,0.101216897368431,1,Uniform widening,0.32064353762504655,0.126801709986271,0.22865863128018243,1,Uniform widening,0.09198490634486411,0.18599006053417197,0.2248875407072216,0.5734910012355999,0.3730158730158732,0.08035714285714271,0.06737588652482271,0.0646536914925821,0.6216441140406667,0.2986154100474187,0.12917939055224345,0.24527905238734501,0.2004335811361667,0.5136778115501519,True
frac07,296,76.74662017822266,79.0,18.77702713012696,18.61824417114257,18.69763565063477,20.5,19.0,20.0,6.108612537384033,5.64246129989624,4.760900974273682,37.31514739990234,31.83736991882324,22.66617774963379,1.0,3.0,5.5,30.0,28.0,26.0,22.5,24.0,24.5,0.2546258288069729,5.192567348480225,4.0,22.0,20.702783584594727,4.5500311851501465,0.158782958984375,0.2838364541530609,0.2828381657600403,0.2833372950553894,0.2272727340459823,0.2644903659820556,0.2472218871116638,0.1378222852945327,0.1314619034528732,0.1220844686031341,0.0189949832856655,0.0172822307795286,0.0149046182632446,0.5263158082962036,0.5263158082962036,0.5263158082962036,0.4080259203910827,0.4791666865348816,0.4902431964874267,0.0760333761572837,0.0529115349054336,0.4230768978595733,0.0071558756753802,0.0845924094319343,0.0009982883930206,0.26834934011218,0.6441320852747304,0.3513513513513513,0.2939189189189189,0.3547297297297297,LEFT,0.3513513513513513,0.5445026178010471,20,4,0.0135135135135135,1.9969969987869265,38,0.1283783783783783,13.81935214996338,0.1701787561178207,0.2662332952022552,0.4149291515350342,0.0435073003172874,0.0769379585981369,0.1079775393009185,1,Uniform widening,0.3324917710876322,0.03941878742641889,0.3252537502351693,1,Uniform widening,0.007238020852462945,0.26894881507065826,0.2917942129648662,0.26344633208854285,0.6636636636636638,0.0,0.0,0.0,0.3941878742641889,0.24745148420333757,0.3179022326417565,0.1924871176823083,0.37102576096852496,0.8728496634255796,True
frac08,256,81.67578125,81.0,18.015625,18.4921875,18.25390625,19.0,19.0,19.0,5.217135906219482,4.403471946716309,3.834972858428955,27.218505859375,19.39056396484375,14.707015991210938,1.0,4.0,5.0,25.0,27.0,24.5,20.5,22.5,22.625,0.210090531084488,4.4140625,4.0,22.0,15.13323974609375,3.890146493911743,0.4765625,0.236820250749588,0.2613270282745361,0.249073639512062,0.2253521084785461,0.232051283121109,0.2302631735801696,0.083260677754879,0.1201395243406295,0.0925950855016708,0.0069323400966823,0.0144335059449076,0.0085738496854901,0.5161290168762207,0.5263158082962036,0.5161290168762207,0.2682744562625885,0.4133333563804626,0.4539141356945038,0.0651914179325103,0.0510647520422935,0.3962264060974121,0.0047869537957012,0.0691878125071525,0.0245067775249481,0.2617355174968377,0.6462903093224899,0.2578125,0.3828125,0.359375,RIGHT,0.3828125,0.5975609756097561,13,3,0.01171875,1.3920499086380005,33,0.12890625,11.239131927490234,0.1834433525800705,0.2274702191352844,0.3370794057846069,0.0405200310051441,0.0517783500254154,0.1035661548376083,3,Irregular localized widening,0.45046713775757213,0.07458972396949945,0.1512723774537817,1,Uniform widening,0.29919476030379044,0.2751151694928281,0.4585935702690722,0.601863743471257,0.59375,0.0,0.0,0.0,0.7458972396949944,0.11989903450012122,0.11190902571314784,0.1885630739591093,0.10724373689542083,0.7212543554006969,False
frac09,336,97.51487731933594,100.0,20.2261905670166,20.651784896850582,20.4389877319336,23.0,22.0,22.5,5.966875553131104,5.745147705078125,5.149549007415772,35.60360336303711,33.00672149658203,26.51785659790039,1.0,1.0,1.0,29.0,27.0,28.0,23.5,24.0,24.5,0.2519473603563149,3.372023820877075,2.0,23.0,19.95981216430664,4.467640399932861,0.4255943298339844,0.2431519776582718,0.2405675053596496,0.2418597489595413,0.2068965584039688,0.2149532735347747,0.2153250575065612,0.1578010022640228,0.1551783680915832,0.1510012149810791,0.0249011553823947,0.0240803267806768,0.0228013657033443,2.5,2.5,2.5,0.2857229709625244,0.3671568632125854,0.4116071462631225,0.0446753278374671,0.0232558101415634,0.4166666567325592,0.0047683040611445,0.069052904844284,0.0025844722986221,0.1847158447391779,0.8621605802180482,0.1636904761904762,0.2083333333333333,0.6279761904761905,RIGHT,0.2083333333333333,0.56,22,3,0.0089285714285714,5.0,25,0.0744047619047619,11.403365135192873,0.1576986759901046,0.2193082720041275,0.348572313785553,0.0326632633805274,0.0301592946052551,0.0712034329771995,1,Uniform widening,0.8040712316508956,0.0,0.24952899040449628,1,Uniform widening,0.5545422412463993,0.8918873720515662,0.7742257255774292,0.6045279912650714,0.9814814814814816,0.0,0.0,0.0,0.0,0.0,0.11028730966473914,0.0,0.7000569043060124,0.8285714285714284,True
frac10,320,61.875,63.0,19.600000381469727,11.540624618530272,15.5703125,21.0,14.0,17.5,6.6334381103515625,6.784512042999268,5.364136695861816,44.00250244140625,46.02960205078125,28.773962020874023,1.0,0.0,2.0,32.0,23.0,24.0,19.5,21.0,22.0,0.344510535409088,9.509374618530272,9.0,26.0,39.4936637878418,6.284398555755615,8.059375762939453,0.3363184332847595,0.2010498940944671,0.2686841487884521,0.3507423102855682,0.1925393939018249,0.25,0.1197947934269905,0.1360937803983688,0.1112970784306526,0.0143507923930883,0.0185215175151824,0.0123870400711894,0.5116279125213623,0.4883720874786377,0.5,0.3461538553237915,0.4418604671955108,0.4546904861927032,0.1566350162029266,0.1378020644187927,0.5,0.0099595030769705,0.0997973084449768,0.1352685391902923,0.5829708113010152,0.5114248874210214,0.85625,0.0625,0.08125,LEFT,0.85625,0.9319727891156464,12,7,0.021875,4.108029365539551,34,0.10625,5.063953399658203,0.3666165173053741,0.2136586457490921,0.2253725528717041,0.1196168288588523,0.1936306953430175,0.1566577553749084,1,Uniform widening,0.0,0.9323735869060908,0.5784177365253703,2,Side-dominant widening,0.3539558503807205,0.0,0.0,0.0,0.0,1.0,0.9399092970521549,1.0,0.5340533293783666,1.0,0.5616959197365652,0.4337729319617792,0.26612666963289167,0.0,False
frac11,126,94.72222137451172,102.5,16.182538986206055,21.30952453613281,18.74603080749512,15.0,23.0,18.75,8.536942481994629,5.196861743927002,5.6990485191345215,72.87939453125,27.007369995117188,32.47915267944336,4.0,5.0,5.0,33.0,29.0,28.0,24.0,26.0,26.5,0.3040136110763193,7.333333492279053,5.5,21.0,42.36507797241211,6.508846282958984,5.126985549926758,0.245867520570755,0.28422811627388,0.2650478184223175,0.2201834917068481,0.2138709723949432,0.214318186044693,0.1763817369937896,0.1417356580495834,0.1563239991664886,0.0311105176806449,0.0200889967381954,0.024437190964818,0.7142857313156128,0.7142857313156128,0.7142857313156128,0.4000000059604645,0.5,0.5,0.0625405460596084,0.0614074766635894,0.1578947305679321,0.002210475038737,0.0470156893134117,0.038360595703125,0.2359594824506672,0.9310006316000726,0.1587301587301587,0.5158730158730159,0.3253968253968254,RIGHT,0.5158730158730159,0.7647058823529411,4,1,0.0079365079365079,1.4285714626312256,14,0.1111111111111111,2.944441795349121,0.1092289090156555,0.2254152745008468,0.4604992270469665,0.1114557608962059,0.0501774847507476,0.0259883906692266,1,Uniform widening,0.7620360826567069,0.21958998820196937,0.23085263847485585,1,Uniform widening,0.531183444181851,1.0,0.49937621446756303,0.9699321373232858,0.2980599647266313,0.1646825396825398,0.38235294117647045,0.14063784950657893,0.0,0.08871230658362826,0.0,0.0,0.7682162902007501,0.24369747899159674,True
frac12,456,43.20175552368164,39.0,11.366228103637695,16.236841201782227,13.80153465270996,10.0,19.0,13.0,8.903459548950195,7.475167274475098,7.302560329437256,79.2715835571289,55.87812423706055,53.32738876342773,0.0,1.0,0.5,27.0,28.0,26.0,22.0,23.5,24.0,0.5291121975340172,5.7565789222717285,3.0,26.0,47.57452392578125,6.8974289894104,4.870613098144531,0.258802056312561,0.3999180793762207,0.3293600976467132,0.289473682641983,0.4127789139747619,0.3108108043670654,0.1763451248407364,0.0981895551085472,0.105393461883068,0.0310976039618253,0.0096411891281604,0.0111077819019556,0.5263158082962036,0.5555555820465088,0.52173912525177,0.4166666865348816,0.4821428656578064,0.5,0.1660070866346359,0.0833333358168602,0.5555555820465088,0.0294018443673849,0.1714696586132049,0.1411160230636596,0.5040291395975439,0.106620663524552,0.168859649122807,0.5635964912280702,0.2675438596491228,RIGHT,0.5635964912280702,0.7694610778443114,17,9,0.0197368421052631,1.721343994140625,58,0.1271929824561403,21.8503646850586,0.3746640682220459,0.2902273833751678,0.3231887221336365,0.2037270218133926,0.2485636621713638,0.0457306057214736,3,Irregular localized widening,0.02880116959064327,0.4992805100765047,0.7647116217866596,3,Irregular localized widening,0.26543111171015493,0.0,0.0,0.0,0.19200779727095513,0.2839912280701755,0.39820359281437134,1.0,0.6051232276691333,1.0,1.0,1.0,0.21282424591481663,0.23011120615911027,True
frac13,415,101.48674774169922,112.0,17.42650604248047,10.351807594299316,13.889156341552734,18.0,9.0,14.0,6.96627140045166,8.609134674072266,5.444993495941162,48.528934478759766,74.11719512939453,29.647953033447266,0.0,0.0,2.5,33.0,36.0,30.0,17.5,21.79998779296875,22.64999389648437,0.3920319825079052,10.602409362792969,10.0,31.0,64.3407211303711,8.02126693725586,7.074698448181152,0.2555777728557586,0.1806339174509048,0.2181058377027511,0.2116788327693939,0.1022727265954017,0.1612903177738189,0.2818905413150787,0.2925511002540588,0.2795620560646057,0.0794622749090194,0.0855861529707908,0.0781549364328384,5.0,5.0,5.0,0.3211805522441864,0.4666663110256195,0.5,0.1155718713998794,0.0957446694374084,0.5263158082962036,0.0097367987036705,0.0986752212047576,0.0749438554048538,0.5298889411542864,0.8947254770671198,0.5831325301204819,0.2072289156626506,0.2096385542168674,LEFT,0.5831325301204819,0.7378048780487805,14,9,0.0216867469879518,10.0,33,0.0795180722891566,12.868973731994627,0.3776561319828033,0.0894294157624244,0.186075821518898,0.129191592335701,0.1351691335439682,0.0822561681270599,3,Irregular localized widening,0.3670146336936258,0.3240749469927262,0.6425100467109373,3,Irregular localized widening,0.27549541301731145,0.9849299344774851,0.0,0.0,0.14859437751004018,0.33283132530120485,0.2926829268292683,0.5257247937353032,0.0,0.7126102517632869,0.5423303220583043,0.0,1.0,0.3205574912891986,True
frac14,456,102.92982482910156,114.0,14.348684310913086,15.541666984558104,14.945175170898438,16.0,16.0,14.5,8.276148796081543,6.627826690673828,5.443616390228272,68.49464416503906,43.92808532714844,29.632957458496094,0.0,3.0,1.5,33.0,26.0,25.0,20.0,22.0,23.0,0.3642390489225042,7.6710524559021,5.0,26.0,48.891788482666016,6.992266178131104,1.1929826736450195,0.1622442603111267,0.1654267907142639,0.1638355255126953,0.1465517282485962,0.1610169559717178,0.1369601488113403,0.1268217116594314,0.0957726761698722,0.0934906378388404,0.0160837471485137,0.0091724060475826,0.0087404986843466,0.52173912525177,0.5263158082962036,0.52173912525177,0.1930561810731887,0.2660024166107178,0.3891666531562805,0.0847479030489921,0.0448439568281173,0.4347826242446899,0.0083782309666275,0.091532677412033,0.0031825304031372,0.517274277259392,0.399547130047173,0.2960526315789473,0.3574561403508772,0.3464912280701754,RIGHT,0.3574561403508772,0.5469798657718121,19,14,0.0307017543859649,1.914320707321167,36,0.0789473684210526,12.2666654586792,0.1780403554439544,0.1048243641853332,0.208641842007637,0.0452818386256694,0.0756417065858841,0.133320152759552,3,Irregular localized widening,0.15915179890846276,0.07366389619807444,0.36780495365294635,3,Irregular localized widening,0.2086531547444836,0.0,0.1577245684770446,0.08882414762464268,0.6500974658869396,0.0,0.0,0.0,0.7366389619807444,0.3499753299881423,0.42419399709804356,0.6371870362778672,0.11418744518110831,0.8657718120805368,True
frac15,512,102.5546875,108.0,17.037109375,18.6953125,17.8662109375,18.5,20.0,18.0,7.481786727905273,6.638322353363037,5.343582630157471,55.97713470458984,44.06732177734375,28.55387687683105,0.0,1.0,1.0,29.0,29.0,26.5,22.5,24.5,25.5,0.2990887462848456,6.916015625,5.0,26.0,40.791778564453125,6.386844158172607,1.658203125,0.1714353859424591,0.2040936201810836,0.1877644956111908,0.1690658628940582,0.1791044771671295,0.1678403913974762,0.087181270122528,0.104026511311531,0.0758907347917556,0.0076005738228559,0.0108215156942605,0.005759404040873,0.3965517282485962,0.52173912525177,0.4137930870056152,0.2278074920177459,0.3090908825397491,0.3521126508712768,0.0821369811892509,0.0451127737760543,0.4285714328289032,0.0081266388297081,0.0901478752493858,0.0326582342386245,0.4374468182703416,0.2544625772700119,0.2421875,0.38671875,0.37109375,RIGHT,0.38671875,0.6149068322981367,28,18,0.03515625,2.3809523582458496,53,0.103515625,19.92217445373535,0.1429733783006668,0.1702428609132766,0.2504438161849975,0.0505940057337284,0.0434249565005302,0.152805209159851,3,Irregular localized widening,0.16842503630634645,0.10634813150336532,0.34015495812708707,3,Irregular localized widening,0.17172992182074062,0.0,0.19789259708844764,0.12476588147027143,0.5850694444444445,0.0,0.0,0.08061299198552108,0.902255331062611,0.31925860222648117,0.40231641997461737,0.9009771322363419,0.0,0.6716947648624666,True
frac16,400,72.91000366210938,77.0,14.489999771118164,14.210000038146973,14.350000381469728,15.0,14.0,15.0,7.434036731719971,5.4305524826049805,5.450458526611328,55.2649040222168,29.49089813232422,29.707500457763672,1.0,1.0,1.0,26.0,29.0,26.5,18.5,21.5,22.52499389648437,0.3798228837435816,5.534999847412109,5.0,23.0,20.12377548217773,4.485953330993652,0.2799997329711914,0.2159542441368103,0.2058294713497162,0.210891842842102,0.2234668433666229,0.1944899708032608,0.2105263173580169,0.1169251874089241,0.0839332044124603,0.085797406733036,0.0136714987456798,0.0070447828620672,0.0073611950501799,0.5555555820465088,0.5555555820465088,0.5555555820465088,0.2368420958518982,0.2874241471290588,0.40610271692276,0.0818737298250198,0.0666666775941848,0.4666666984558105,0.005386983975768,0.0733960792422294,0.0101247727870941,0.3882261576438494,0.4447006418300452,0.3475,0.3575,0.295,RIGHT,0.3575,0.5070921985815603,19,3,0.0075,1.4426227807998655,42,0.105,6.060000419616699,0.2194115072488784,0.1888811439275741,0.2243188619613647,0.054642166942358,0.0920741856098175,0.0991095900535583,3,Irregular localized widening,0.2770219410988689,0.08132669416566723,0.26274904523185294,1,Uniform widening,0.014272895867015967,0.0,0.20194261807661856,0.5161451463188571,0.65,0.0,0.0,0.0,0.8132669416566722,0.316161527353174,0.16408556311026087,0.5550897421271905,0.0567164604241625,0.9797365754812563,False
frac17,192,90.54166412353516,102.5,21.640625,21.91666603088379,21.77864646911621,23.0,24.0,23.5,7.622678279876709,5.460400104522705,6.111099243164063,58.105224609375,29.81597137451172,37.34553146362305,1.0,5.0,5.0,34.0,30.0,30.5,25.0,27.5,28.0,0.2806005070990095,3.359375,2.0,22.0,15.251057624816896,3.905260324478149,0.276041030883789,0.2833851873874664,0.2940471470355987,0.2887161672115326,0.2222222238779068,0.2344694882631302,0.2290574610233307,0.167301744222641,0.1587114632129669,0.1562666445970535,0.0279898717999458,0.0251893270760774,0.0244192630052566,1.0,1.0,1.0,0.292553186416626,0.4461405277252197,0.7142857313156128,0.0465956628322601,0.0194193124771118,0.485714316368103,0.0066238804720342,0.0813872218132019,0.0106619596481323,0.1613891708326851,0.8379154911024633,0.1979166666666666,0.1510416666666666,0.6510416666666666,LEFT,0.1979166666666666,0.5671641791044776,5,1,0.0052083333333333,1.4805196523666382,21,0.109375,10.892151832580566,0.2092528343200683,0.2173750400543213,0.4395205974578857,0.0237115770578384,0.0283147059381008,0.0877607017755508,1,Uniform widening,0.708947430383758,0.0,0.31376497429527794,1,Uniform widening,0.39518245608848,0.8226156888641809,0.7446821102729215,0.33944564685225703,1.0,0.0,0.0,0.0,0.0,0.0,0.271641780176887,0.0,0.7674692918856916,0.8081023454157783,True
frac18,288,94.00347137451172,107.0,18.63541603088379,10.20486068725586,14.42013931274414,21.0,8.0,15.0,5.921570301055908,7.22238826751709,5.389567852020264,35.06499481201172,52.16289520263672,29.047441482543945,1.0,0.0,3.0,27.0,31.0,28.0,18.0,21.449981689453125,24.5,0.3737528282585387,9.222222328186035,9.0,24.0,44.2908935546875,6.655140399932861,8.43055534362793,0.2373958975076675,0.1587835252285003,0.1980897039175033,0.190476194024086,0.0776699036359787,0.1331804394721985,0.1260010153055191,0.1572748720645904,0.1360534280538559,0.01587625592947,0.0247353874146938,0.0185105334967374,0.625,0.625,0.625,0.2474296540021896,0.4357910752296448,0.4962765276432037,0.0923730060458183,0.0921954959630966,0.46875,0.004828275181353,0.0694857910275459,0.0786123722791671,0.4663190676699082,0.8434890851047475,0.7291666666666666,0.0555555555555555,0.2152777777777778,LEFT,0.7291666666666666,0.9292035398230089,9,4,0.0138888888888888,1.5500000715255735,26,0.0902777777777777,5.744681358337402,0.1156174913048744,0.1162339821457862,0.3624176979064941,0.1258854120969772,0.0744315385818481,0.0768020823597908,3,Irregular localized widening,0.452583080099982,0.7022623736449701,0.29687344138307725,2,Side-dominant widening,0.24967929354498813,0.8385402431564214,0.04041529160279538,0.5959606883781428,0.0,0.6979166666666666,0.9306784660766964,0.564340760833338,0.19385925018125547,0.4396824240684505,0.11550218968286959,0.0,0.521272229030725,0.0,False
frac19,207,74.21256256103516,85.0,16.02898597717285,15.115942001342772,15.572463989257812,16.0,16.0,15.0,8.110298156738281,8.927842140197754,6.177883625030518,65.77693939208984,79.70636749267578,38.1662483215332,0.0,0.0,1.0,32.0,32.0,28.0,20.5,24.0,25.5,0.3967184402733017,9.193236351013184,7.0,28.0,54.61967086791992,7.390511989593506,0.913043975830078,0.2640996277332306,0.2241537719964981,0.2441266924142837,0.2553191483020782,0.2038834989070892,0.2228260934352874,0.157773956656456,0.1550460755825042,0.124955914914608,0.0248926226049661,0.0240392871201038,0.0156139805912971,0.8333333134651184,0.8333333134651184,0.8333333134651184,0.3000000119209289,0.4323048889636993,0.4779644310474396,0.1391872763633728,0.1071428507566452,0.5090909004211426,0.0176304765045642,0.1327798068523407,0.0399458557367324,0.5701436208670355,0.2764263057948363,0.4009661835748792,0.3816425120772946,0.217391304347826,LEFT,0.4009661835748792,0.5123456790123457,3,7,0.0338164251207729,2.69258451461792,18,0.0869565217391304,8.627267837524414,0.2098385542631149,0.1484250128269195,0.3741165101528168,0.2491457313299179,0.1090233698487281,0.0593927018344402,3,Irregular localized widening,0.08301127214170693,0.06694284504965742,0.8316178344017455,3,Irregular localized widening,0.7486065622600386,0.0,0.0,0.0,0.553408480944713,0.0,0.0,0.15732479722876208,0.35477885603905,0.9904385454514446,1.0,0.8610430803730249,0.40058252463737914,0.964726631393298,True
frac20,264,100.98484802246094,103.0,15.640151977539062,21.295454025268555,18.467803955078125,18.5,24.0,20.75,8.760451316833496,5.867526054382324,6.244384288787842,76.74551391601562,34.427860260009766,38.99233627319336,0.0,1.0,3.5,29.0,31.0,29.5,23.5,24.349998474121094,25.0,0.3381227299129311,6.73106050491333,3.0,24.0,53.05267333984375,7.283726692199707,5.655302047729492,0.1772170811891555,0.2332304269075393,0.2052237540483474,0.1648766696453094,0.2218563109636306,0.1800000071525573,0.1245600581169128,0.0938175916671752,0.0937529057264328,0.0155152082443237,0.0088017405942082,0.0087896073237061,0.5333333611488342,0.5333333611488342,0.5333333611488342,0.2173912972211837,0.3491524755954742,0.4615384638309479,0.0838942527770996,0.0348884388804435,0.4666666686534881,0.0095747178420424,0.0978504866361618,0.0560133457183837,0.4087940656096538,0.4638691129221057,0.0643939393939393,0.4431818181818182,0.4924242424242424,RIGHT,0.4431818181818182,0.8731343283582089,7,5,0.0189393939393939,2.4817519187927246,22,0.0833333333333333,7.658016204833984,0.1681405901908874,0.2003374099731445,0.2471932917833328,0.0272908452898263,0.0559583343565464,0.1684335768222808,2,Side-dominant widening,0.11165380633516475,0.3990057076523978,0.3415328231835386,2,Side-dominant widening,0.057472884468859176,0.0,0.17085764958308317,0.0,0.45959595959595967,0.0,0.7437810945273632,0.3264562707198284,0.73391070423855,0.3399323856129363,0.5282363340906434,0.5202379765052624,0.11623363848775414,0.0,True
frac21,240,87.48750305175781,95.0,20.870832443237305,5.837500095367432,13.354166984558104,22.0,1.0,12.0,4.151804924011231,8.318319320678711,4.600224494934082,17.237483978271484,69.1944351196289,21.162065505981445,10.0,0.0,6.5,27.0,28.0,24.5,15.0,21.5,23.0,0.3444785811240404,15.616666793823242,18.0,27.0,70.33638763427734,8.386679649353027,15.033332347869871,0.2678382098674774,0.1145178899168968,0.1911780536174774,0.2399999946355819,0.0092592593282461,0.125,0.1024563834071159,0.1760772913694381,0.135003000497818,0.010497311130166,0.0310032125562429,0.0182258114218711,0.5263158082962036,0.5263158082962036,0.5263158082962036,0.2614416480064392,0.4529761373996734,0.5,0.1631213575601577,0.1691613495349884,0.3636363744735718,0.0069963475689291,0.0836441740393638,0.1533203199505806,0.8532431127609581,0.8703518827420054,0.8208333333333333,0.0375,0.1416666666666666,LEFT,0.8208333333333333,0.9563106796116504,2,1,0.0041666666666666,1.4000959396362305,9,0.0375,5.090908527374268,0.0977188199758529,0.1199977993965148,0.3558174967765808,0.174566239118576,0.2304265201091766,0.0843712985515594,1,Uniform widening,0.3919108981373946,0.8954468809896048,0.518561269326699,2,Side-dominant widening,0.3768856116629058,0.9152910935485867,0.0,0.28623606158155707,0.0,0.9270833333333333,1.0,1.0,0.20967714322938336,1.0,0.30403022338513913,0.0,0.5094088092446291,0.0,False
frac22,352,109.45738983154295,117.0,18.97443199157715,18.448863983154297,18.711647033691406,20.0,19.0,19.0,4.595813751220703,5.681179046630859,4.358893394470215,21.121505737304688,32.27579498291016,18.999950408935547,1.0,1.0,6.0,27.0,27.0,26.0,22.5,24.0,24.0,0.2329508132887379,3.71875,3.0,24.0,17.241920471191406,4.152338981628418,0.5255680084228516,0.2079913020133972,0.1898737400770187,0.1989325135946273,0.1714285761117935,0.1690140813589096,0.1686654537916183,0.1093446984887123,0.0807013809680938,0.087790846824646,0.011956263333559,0.0065127131529152,0.0077072321437299,0.5333333611488342,0.5,0.5,0.2288906574249267,0.314814805984497,0.4166666865348816,0.0465554632246494,0.0243902429938316,0.4545454382896423,0.00426985649392,0.0653441399335861,0.0181175619363784,0.2340264162122705,0.7003387353002426,0.2556818181818182,0.1619318181818181,0.5823863636363636,LEFT,0.2556818181818182,0.6122448979591837,17,2,0.0056818181818181,1.6255223751068115,44,0.125,5.741120338439941,0.1430436670780182,0.1653262227773666,0.2889053225517273,0.0178031958639621,0.0366335362195968,0.085475392639637,2,Side-dominant widening,0.6370369673290069,0.07940426586816722,0.0808612164804835,1,Uniform widening,0.5561757508485234,0.42953924371497876,0.7453005657746246,0.6757347865828571,0.8762626262626263,0.0,0.0,0.0,0.7940426586816721,0.0,0.06694404294956523,0.09029320854501345,0.0711346726554125,0.6793002915451894,False
frac23,256,50.32421875,51.0,19.07421875,14.578125,16.826171875,20.0,15.0,17.5,4.93060827255249,4.564826965332031,3.7385315895080566,24.31089782714844,20.837646484375,13.976618766784668,6.0,0.0,6.0,26.0,24.0,23.5,19.0,20.25,22.125,0.2221855106010592,5.54296875,4.0,21.0,23.88096046447754,4.886815071105957,4.49609375,0.3951976299285888,0.3200505673885345,0.3576241135597229,0.4000000059604645,0.3278555870056152,0.3571428656578064,0.0840284451842308,0.1137228906154632,0.0866665467619896,0.0070607797242701,0.0129328966140747,0.0075110900215804,0.5333333611488342,0.5333333611488342,0.5333333611488342,0.4269401431083679,0.4605263173580169,0.4764610528945923,0.1021806299686431,0.0936814546585083,0.2916666567325592,0.0051491945050656,0.0717578902840614,0.0751470625400543,0.2857207500678757,0.5258857068111625,0.69140625,0.109375,0.19921875,LEFT,0.69140625,0.8634146341463415,9,0,0.0,1.2941176891326904,32,0.125,3.418605327606201,0.2777841687202453,0.369362473487854,0.4266650080680847,0.1138506606221199,0.0939721465110778,0.098581776022911,2,Side-dominant widening,0.13752876767622857,0.6462809161541713,0.26603091019229175,2,Side-dominant widening,0.3802500059618795,0.0,0.0,0.5501150707049143,0.0,0.603515625,0.7113821138211383,0.5278638162110978,0.8049394432455333,0.5550662349252129,0.14340821783179128,0.40748053307061355,0.06296208423251665,0.0,True
frac24,240,64.99166870117188,64.5,19.77083396911621,15.554166793823242,17.662500381469727,22.0,17.0,19.0,5.895052909851074,7.896015644073486,5.562958717346191,34.75164794921875,62.34706497192383,30.946508407592773,4.0,0.0,4.0,28.0,31.0,26.0,22.0,23.5,24.0,0.3149587316177761,6.416666507720947,4.0,25.0,47.01805114746094,6.85697078704834,4.216667175292969,0.3450099527835846,0.2707112431526184,0.3078605830669403,0.3587919771671295,0.246238499879837,0.280303031206131,0.1186946704983711,0.1459766924381256,0.1165938824415206,0.0140884239226579,0.0213091950863599,0.0135941337794065,0.5555555820465088,0.5555555820465088,0.5555555820465088,0.4245283007621765,0.5,0.5,0.1004120931029319,0.0579159334301948,0.4339622855186462,0.011856417171657,0.1088871732354164,0.0742987096309661,0.3261609268150404,0.5476797858338119,0.5041666666666667,0.1416666666666666,0.3541666666666667,LEFT,0.5041666666666667,0.7806451612903226,11,4,0.0166666666666666,2.215083837509156,27,0.1125,9.999995231628418,0.2351522892713546,0.2425822913646698,0.44584721326828,0.0532405562698841,0.19281867146492,0.055177055299282,3,Irregular localized widening,0.04861111111111112,0.35030120207094134,0.5040703548802321,3,Irregular localized widening,0.15376915280929077,0.0,0.0,0.0,0.3240740740740741,0.1354166666666666,0.43548387096774194,0.5189337855891168,0.46699256781074994,0.5342599188580223,0.7266449714484349,0.3678549348476146,0.3164222408086042,0.19815668202764974,True
frac25,488,108.11475372314452,119.5,17.434425354003906,10.432376861572266,13.933402061462402,18.0,6.0,12.5,5.295741558074951,9.915397644042969,6.049503326416016,28.04487991333008,98.31510162353516,36.59648895263672,1.0,0.0,0.5,26.0,28.0,25.0,20.0,22.0,22.5,0.4341727382681355,10.284835815429688,9.0,24.0,49.58485412597656,7.041651248931885,7.002048492431641,0.2013123482465744,0.1509913206100464,0.1761518269777298,0.1610738188028335,0.0555555559694767,0.104604348540306,0.1138548254966735,0.16707544028759,0.130412220954895,0.0129629205912351,0.0279142037034034,0.0170073490589857,0.5333333611488342,0.5454545617103577,0.5,0.2525659799575805,0.4047619104385376,0.4520334601402282,0.1013420969247818,0.0909090936183929,0.5333333611488342,0.0059868437238037,0.0773746967315673,0.050321027636528,0.5753110749035495,0.7136939926922875,0.5983606557377049,0.2848360655737705,0.1168032786885246,LEFT,0.5983606557377049,0.6774941995359629,14,0,0.0,1.610190510749817,33,0.0676229508196721,2.93684458732605,0.0768021196126937,0.1183259859681129,0.3342975974082947,0.1119871288537979,0.0787593126296997,0.1133535280823707,3,Irregular localized widening,0.2885198315962537,0.24293651617130035,0.37433919023613577,3,Irregular localized widening,0.08581935863988205,0.4676971219779642,0.0,0.43045089659947144,0.11475409836065578,0.3709016393442623,0.09164733178654295,0.2665371330160842,0.27736949672301664,0.5452011402915504,0.2162472803307565,0.06601092237765908,0.45863954412440416,0.49287371561153454,True
frac26,376,73.18350982666016,69.0,18.56117057800293,16.901596069335938,17.731382369995117,20.0,18.0,19.0,5.321722030639648,7.254741668701172,5.907165050506592,28.32072639465332,52.63127517700195,34.89459991455078,3.0,1.0,2.0,27.0,29.0,26.0,22.0,23.5,24.0,0.3331474629131365,3.4361701011657715,2.0,18.0,13.272521018981934,3.643147230148315,1.6595745086669922,0.32780721783638,0.276792973279953,0.3023001253604889,0.2924076616764068,0.2256295531988144,0.2721661329269409,0.1380533128976822,0.1438552439212799,0.1254839748144149,0.0190587174147367,0.0206943321973085,0.0157462265342474,0.5454545617103577,0.5454545617103577,0.5454545617103577,0.4139492809772491,0.4878655076026916,0.5,0.0770429670810699,0.0333333313465118,0.4642857015132904,0.0131880259141325,0.1148391291499137,0.051014244556427,0.25485588862789,0.5848997555012401,0.3430851063829787,0.1781914893617021,0.4787234042553192,LEFT,0.3430851063829787,0.6581632653061225,16,1,0.0026595744680851,1.8272291421890257,29,0.077127659574468,10.825407028198242,0.1717588454484939,0.3206835687160492,0.4155022501945495,0.031337771564722,0.0404061675071716,0.1597505956888198,3,Irregular localized widening,0.20627023126690136,0.09903382608976677,0.489476485299399,3,Irregular localized widening,0.28320625403249766,0.09971358714640008,0.2762620449066169,0.0,0.6820330969267141,0.0,0.027210884353741457,0.2738341532255474,0.3474318592084778,0.2593290244831753,0.8424370360115218,0.300182262725018,0.40609277226030827,0.5481049562682215,True
frac27,541,71.04621124267578,55.0,17.711645126342773,16.012939453125,16.86229133605957,21.0,18.0,17.5,7.7969865798950195,6.723329544067383,4.872968673706055,60.79300308227539,45.20315933227539,23.74582290649414,0.0,0.0,5.0,29.0,25.0,25.5,21.0,23.0,24.0,0.2889861512050464,8.404806137084961,7.0,26.0,49.25387573242188,7.018110752105713,1.6987056732177734,0.2836149930953979,0.2744761705398559,0.2790456116199493,0.2612612545490265,0.2352941185235977,0.2692307829856872,0.160039946436882,0.1532087326049804,0.11509270966053,0.025612786412239,0.0234729144722223,0.0132463313639163,0.5161290168762207,0.5142857432365417,0.5,0.3552631735801697,0.4591836929321289,0.4791666865348816,0.1504443287849426,0.0970873683691024,0.5142857432365417,0.0226360913366079,0.1504529565572738,0.0091388225555419,0.5391388451212868,0.0795209293695439,0.4676524953789279,0.2717190388170055,0.2606284658040665,LEFT,0.4676524953789279,0.6325,26,5,0.0092421441774491,1.8134329319000244,61,0.1127541589648798,7.892157077789307,0.1617190092802047,0.3359922170639038,0.3400774300098419,0.0711655244231224,0.1101867258548736,0.2704211771488189,3,Irregular localized widening,0.06078250154035737,0.06407742587924911,0.8065540469455567,3,Irregular localized widening,0.7424766210663075,0.0,0.0,0.0,0.40521667693571584,0.044131238447319705,0.0,0.0,0.48631492422687217,1.0,1.0,1.0,0.3019304734965125,0.6214285714285716,True
frac28,168,109.8452377319336,128.0,13.119047164916992,19.5952377319336,16.35714340209961,7.0,21.0,13.0,15.394730567932127,6.314418315887451,8.117100715637207,236.9977264404297,39.87187957763672,65.8873291015625,0.0,2.0,1.0,51.0,31.0,34.0,23.625,29.650001525878903,31.324996948242188,0.4962419486152633,15.166666984558104,17.0,44.0,102.10316467285156,10.10461139678955,6.476190567016602,0.1799806058406829,0.2121811360120773,0.1960808932781219,0.0551181100308895,0.1779661029577255,0.1027078181505203,0.2083645612001419,0.1196329072117805,0.1512727290391922,0.0434157885611057,0.0143120316788554,0.0228834375739097,0.7142857313156128,0.7142857313156128,0.7142857313156128,0.2843559980392456,0.4732142686843872,0.5,0.1302028447389602,0.1489361673593521,0.4399999976158142,0.0080059841275215,0.0894761681556701,0.0322005301713943,0.6640261708430715,0.678091668585206,0.25,0.5714285714285714,0.1785714285714285,RIGHT,0.5714285714285714,0.6956521739130435,2,2,0.0119047619047619,2.207792282104492,4,0.0238095238095238,2.061707258224488,0.1702622324228286,0.0845518931746482,0.3334285318851471,0.1491566747426986,0.1485835164785385,0.0928683131933212,3,Irregular localized widening,0.18978271164991428,0.1746698804523632,0.5939622898946395,3,Irregular localized widening,0.4041795782447252,0.36597619595773123,0.0,0.1420022674969286,0.17460317460317473,0.3035714285714285,0.15217391304347816,0.07579505443572945,0.0,0.88473934987012,0.39182470674099995,0.13074242075417095,0.7034765655795707,0.4409937888198758,True
frac29,336,77.25892639160156,82.5,14.976190567016602,8.830357551574707,11.903273582458496,20.0,8.0,11.5,9.9567232131958,8.18377685546875,5.466512680053711,99.13634490966795,66.97419738769531,29.88276100158692,0.0,0.0,3.5,30.0,30.0,29.0,12.5,22.5,24.0,0.4592444794438355,13.241071701049805,12.0,26.0,75.13533782958984,8.66806411743164,6.145833015441895,0.201755553483963,0.1500886231660843,0.175922080874443,0.2526315748691559,0.1179653704166412,0.1320260167121887,0.1341933757066726,0.1580822467803955,0.1143789067864418,0.0180078614503145,0.0249899961054325,0.0130825340747833,0.5454545617103577,0.5454545617103577,0.5454545617103577,0.1716269850730896,0.375,0.4754098355770111,0.1634178906679153,0.1647160500288009,0.4871795177459717,0.0096296416595578,0.0981307402253151,0.0516669303178787,0.9289219969183286,0.2199598967580846,0.4910714285714285,0.3898809523809524,0.119047619047619,LEFT,0.4910714285714285,0.5574324324324325,10,4,0.0119047619047619,1.7822563648223877,22,0.0654761904761904,10.454547882080078,0.1101802214980125,0.1336911618709564,0.2838948667049408,0.1256919503211975,0.233264684677124,0.1312970370054245,1,Uniform widening,0.05297619047619051,0.14161988329469116,0.6718463867365845,3,Irregular localized widening,0.5302265034418934,0.0,0.0,0.0,0.3531746031746034,0.10267857142857122,0.0,0.2807045296618811,0.49541477362315,1.0,0.5330123182224175,0.9637092786216643,0.2951055864493041,0.8359073359073358,False
frac30,296,106.3581085205078,115.5,19.83445930480957,19.78378295898437,19.80912208557129,22.0,21.0,21.5,6.089670181274414,5.440762519836426,4.9705095291137695,37.084083557128906,29.60189819335937,24.70596504211425,0.0,1.0,1.0,32.0,27.0,27.0,23.0,23.5,24.5,0.2509202329937794,4.516891956329346,4.0,23.0,14.148365020751951,3.761431217193604,0.0506763458251953,0.2069570124149322,0.2133149653673172,0.2101359665393829,0.1864406764507293,0.1814263314008712,0.1949152648448944,0.0921016708016395,0.0959900170564651,0.0774210169911384,0.0084827179089188,0.0092140827327966,0.005994014441967,0.52173912525177,0.52173912525177,0.52173912525177,0.2320498675107956,0.3028251528739929,0.356739193201065,0.0643745213747024,0.0344827622175216,0.5,0.0073138903826475,0.085521288216114,0.0063579529523849,0.3063469925441707,0.3551277189908514,0.2804054054054054,0.2567567567567567,0.4628378378378378,LEFT,0.2804054054054054,0.5220125786163522,11,0,0.0,1.3333332538604736,27,0.0912162162162162,9.53639793395996,0.1458287686109542,0.2049950659275055,0.280292809009552,0.0186452660709619,0.0401486717164516,0.1350434720516204,3,Irregular localized widening,0.30120670122292115,0.08892214198907222,0.25122964471459697,1,Uniform widening,0.04997705650832418,0.0,0.4711612096199631,0.24087280247892856,0.8213213213213214,0.0,0.0,0.0,0.8892214198907222,0.11028848676120466,0.3316426419693478,0.7179496018348156,0.0,0.9371069182389937,False
frac31,358,68.69273376464844,72.0,15.723464012145996,15.410614967346191,15.567039489746094,16.0,15.0,16.0,6.747982025146484,6.160479068756104,5.132977485656738,45.53525924682617,37.95150375366211,26.34745979309082,1.0,0.0,2.0,31.0,28.0,24.5,19.0,22.0,23.0,0.3297336972156971,6.5977654457092285,6.0,21.0,18.15105628967285,4.260405540466309,0.3128490447998047,0.2670319080352783,0.2420380264520645,0.2545349597930908,0.2359307408332824,0.2317073196172714,0.2215189933776855,0.209378570318222,0.1955808699131012,0.1889682412147522,0.0438393838703632,0.0382518768310546,0.0357089973986148,2.5,2.5,2.5,0.3052536249160766,0.3586206436157226,0.3915372490882873,0.1118526384234428,0.0931782871484756,0.5454545617103577,0.0094602135941386,0.0972636267542839,0.0249938815832138,0.4394391973282053,0.7416858619919777,0.4720670391061452,0.3547486033519553,0.1731843575418994,LEFT,0.4720670391061452,0.5709459459459459,51,16,0.0446927374301676,5.0,43,0.1201117318435754,5.370629787445068,0.2876150012016296,0.1739987432956695,0.3017131984233856,0.0936881229281425,0.0813465937972068,0.1606758534908294,1,Uniform widening,0.25099684895659596,0.019308659217877062,0.6475167301177097,3,Irregular localized widening,0.39651988116111375,0.5476738914056506,0.0,0.0,0.39540657976412175,0.05516759776536304,0.0,0.0,0.0,0.6688545696875622,0.518279442968574,0.0151166145600405,1.0,0.7972972972972973,False
frac32,288,92.42361450195312,108.5,22.51388931274414,11.80555534362793,17.15972137451172,24.0,14.0,18.5,4.700008869171143,8.282157897949219,5.14348030090332,22.09008407592773,68.59414672851562,26.45539093017578,6.0,0.0,4.0,29.0,26.0,25.5,21.125,23.5,24.5,0.2997414811491762,10.95138931274414,9.0,28.0,70.28236389160156,8.383458137512207,10.708333969116213,0.2770583927631378,0.1704704463481903,0.223764419555664,0.2212389409542083,0.1485148519277572,0.1872412264347076,0.103937029838562,0.146403893828392,0.1210315227508544,0.0108029060065746,0.0214340984821319,0.0146486293524503,0.5333333611488342,0.5,0.5,0.2845045030117035,0.4530922472476959,0.4958332479000091,0.1091010123491287,0.0952380895614624,0.3913043439388275,0.0053374534472823,0.0730578750371933,0.1065879464149475,0.4875708683524127,0.8660669623192199,0.8159722222222222,0.0138888888888888,0.1701388888888889,LEFT,0.8159722222222222,0.9832635983263598,4,0,0.0,1.1666666269302368,19,0.0659722222222222,4.81132173538208,0.1253115981817245,0.1795881986618042,0.3663934767246246,0.162849485874176,0.0892074406147003,0.0752461031079292,2,Side-dominant widening,0.446872196344852,0.8828307402020662,0.32896820674551,2,Side-dominant widening,0.4359585438572142,0.9030484637691996,0.0,0.5232209361025285,0.0,0.9149305555555556,1.0,0.8588204885783945,0.40840948041942776,0.6364824982250433,0.1597785606332435,0.0,0.3603595563520958,0.0,True
frac33,376,58.5638313293457,65.5,18.97074508666992,18.768617630004883,18.86968040466309,21.0,21.0,21.0,6.555547714233398,5.366085052490234,5.157006740570068,42.9752082824707,28.79486656188965,26.59471893310547,1.0,1.0,5.0,27.0,25.0,24.5,22.5,23.0,23.5,0.2732959239360337,3.702127695083618,2.0,23.0,23.49637985229492,4.847306251525879,0.202127456665039,0.36224564909935,0.355265200138092,0.3587554097175598,0.3478260934352875,0.3225806355476379,0.3237577676773071,0.1979380398988723,0.1869485080242157,0.1858919411897659,0.0391794703900814,0.034949742257595,0.0345558151602745,2.5,2.5,2.5,0.4166666865348816,0.4791666865348816,0.4921875,0.0620457381010055,0.0322580635547637,0.4259259402751922,0.006234236061573,0.0789571776986122,0.0069804489612579,0.1729471846845537,0.8660367348850462,0.324468085106383,0.1914893617021276,0.4840425531914893,LEFT,0.324468085106383,0.6288659793814433,41,10,0.026595744680851,1.79961097240448,49,0.1303191489361702,12.666658401489258,0.2786503732204437,0.3097698390483856,0.4884869158267975,0.0416235439479351,0.0918276458978653,0.052849393337965,3,Irregular localized widening,0.6500718178481473,0.0,0.3777857825772309,1,Uniform widening,0.2722860352709164,0.9029620996715605,0.5069886445999154,0.39510913406099996,0.723404255319149,0.0,0.0,0.0,0.0,0.08289103648241761,0.23775965752808695,0.0,1.0,0.6318114874815906,False
frac34,568,93.42605590820312,91.0,17.948944091796875,17.78169059753418,17.86531639099121,23.0,21.0,20.5,8.858981132507324,7.394912719726562,6.4666595458984375,78.48155212402344,54.68473434448242,41.817684173583984,0.0,1.0,1.0,32.0,26.0,28.0,23.5,24.0,24.5,0.3619672556798,7.001760482788086,4.0,24.0,50.06513214111328,7.075671672821045,0.1672534942626953,0.2183857560157776,0.2249388694763183,0.2216623127460479,0.2242990583181381,0.2111111134290695,0.2010869681835174,0.1249876841902732,0.119845226407051,0.1014774069190025,0.0156219210475683,0.0143628790974617,0.0102976635098457,0.5333333611488342,0.5454545617103577,0.5333333611488342,0.2897727489471435,0.3608452379703522,0.4161722660064697,0.091925099492073,0.0515030920505523,0.4666666984558105,0.0103716617450118,0.101841352880001,0.0065531134605407,0.4147078425433057,0.3740477747557743,0.375,0.2764084507042254,0.3485915492957746,LEFT,0.375,0.5756756756756757,42,18,0.0316901408450704,1.8923150300979608,60,0.1056338028169014,14.66666030883789,0.1486058831214904,0.1880909204483032,0.3286766707897186,0.0633430257439613,0.1012703031301498,0.1113132163882255,1,Uniform widening,0.10349320708177051,0.06501298050085723,0.4618960891956317,3,Irregular localized widening,0.3584028821138612,0.0,0.04730616166041535,0.0,0.6111111111111112,0.0,0.0,0.0,0.6501298050085722,0.4344129352008588,0.5975358039140696,0.6835495004440467,0.17906931291023753,0.7837837837837838,False
