image_name,point_index,x,y
2402-1701_tooth.png,0,20.4208,27.1202
2402-1701_tooth.png,1,21.1361,27.6119
2402-1701_tooth.png,2,21.8241,28.1248
2402-1701_tooth.png,3,22.4853,28.6585
2402-1701_tooth.png,4,23.1201,29.2127
2402-1701_tooth.png,5,23.7292,29.7869
2402-1701_tooth.png,6,24.3130,30.3807
2402-1701_tooth.png,7,24.8719,30.9939
2402-1701_tooth.png,8,25.4066,31.6259
2402-1701_tooth.png,9,25.9174,32.2764
2402-1701_tooth.png,10,26.4050,32.9451
2402-1701_tooth.png,11,26.8697,33.6314
2402-1701_tooth.png,12,27.3121,34.3351
2402-1701_tooth.png,13,27.7327,35.0558
2402-1701_tooth.png,14,28.1320,35.7931
2402-1701_tooth.png,15,28.5104,36.5465
2402-1701_tooth.png,16,28.8686,37.3157
2402-1701_tooth.png,17,29.2069,38.1004
2402-1701_tooth.png,18,29.5259,38.9001
2402-1701_tooth.png,19,29.8261,39.7144
2402-1701_tooth.png,20,30.1080,40.5430
2402-1701_tooth.png,21,30.3720,41.3855
2402-1701_tooth.png,22,30.6187,42.2414
2402-1701_tooth.png,23,30.8486,43.1105
2402-1701_tooth.png,24,31.0621,43.9922
2402-1701_tooth.png,25,31.2598,44.8863
2402-1701_tooth.png,26,31.4422,45.7924
2402-1701_tooth.png,27,31.6098,46.7099
2402-1701_tooth.png,28,31.7630,47.6387
2402-1701_tooth.png,29,31.9024,48.5783
2402-1701_tooth.png,30,32.0284,49.5282
2402-1701_tooth.png,31,32.1416,50.4882
2402-1701_tooth.png,32,32.2425,51.4578
2402-1701_tooth.png,33,32.3315,52.4367
2402-1701_tooth.png,34,32.4092,53.4244
2402-1701_tooth.png,35,32.4760,54.4205
2402-1701_tooth.png,36,32.5325,55.4248
2402-1701_tooth.png,37,32.5791,56.4368
2402-1701_tooth.png,38,32.6164,57.4560
2402-1701_tooth.png,39,32.6449,58.4823
2402-1701_tooth.png,40,32.6649,59.5150
2402-1701_tooth.png,41,32.6772,60.5539
2402-1701_tooth.png,42,32.6820,61.5986
2402-1701_tooth.png,43,32.6801,62.6487
2402-1701_tooth.png,44,32.6717,63.7037
2402-1701_tooth.png,45,32.6575,64.7634
2402-1701_tooth.png,46,32.6380,65.8273
2402-1701_tooth.png,47,32.6135,66.8951
2402-1701_tooth.png,48,32.5848,67.9663
2402-1701_tooth.png,49,32.5521,69.0406
2402-1701_tooth.png,50,32.5161,70.1176
2402-1701_tooth.png,51,32.4772,71.1969
2402-1701_tooth.png,52,32.4360,72.2780
2402-1701_tooth.png,53,32.3928,73.3608
2402-1701_tooth.png,54,32.3483,74.4446
2402-1701_tooth.png,55,32.3030,75.5293
2402-1701_tooth.png,56,32.2572,76.6142
2402-1701_tooth.png,57,32.2116,77.6992
2402-1701_tooth.png,58,32.1666,78.7838
2402-1701_tooth.png,59,32.1227,79.8676
2402-1701_tooth.png,60,32.0805,80.9502
2402-1701_tooth.png,61,32.0403,82.0313
2402-1701_tooth.png,62,32.0028,83.1104
2402-1701_tooth.png,63,31.9684,84.1872
2402-1701_tooth.png,64,31.9376,85.2613
2402-1701_tooth.png,65,31.9109,86.3323
2402-1701_tooth.png,66,31.8889,87.3997
2402-1701_tooth.png,67,31.8719,88.4634
2402-1701_tooth.png,68,31.8605,89.5227
2402-1701_tooth.png,69,31.8553,90.5775
2402-1701_tooth.png,70,31.8567,91.6271
2402-1701_tooth.png,71,31.8651,92.6714
2402-1701_tooth.png,72,31.8812,93.7099
2402-1701_tooth.png,73,31.9054,94.7422
2402-1701_tooth.png,74,31.9381,95.7679
2402-1701_tooth.png,75,31.9800,96.7867
2402-1701_tooth.png,76,32.0315,97.7981
2402-1701_tooth.png,77,32.0930,98.8018
2402-1701_tooth.png,78,32.1652,99.7974
2402-1701_tooth.png,79,32.2484,100.7844
2402-1701_tooth.png,80,32.3432,101.7626
2402-1701_tooth.png,81,32.4502,102.7316
2402-1701_tooth.png,82,32.5697,103.6908
2402-1701_tooth.png,83,32.7023,104.6400
2402-1701_tooth.png,84,32.8485,105.5788
2402-1701_tooth.png,85,33.0088,106.5068
2402-1701_tooth.png,86,33.1836,107.4236
2402-1701_tooth.png,87,33.3735,108.3288
2402-1701_tooth.png,88,33.5791,109.2220
2402-1701_tooth.png,89,33.8007,110.1028
2402-1701_tooth.png,90,34.0388,110.9709
2402-1701_tooth.png,91,34.2941,111.8259
2402-1701_tooth.png,92,34.5669,112.6674
2402-1701_tooth.png,93,34.8578,113.4950
2402-1701_tooth.png,94,35.1673,114.3082
2402-1701_tooth.png,95,35.4958,115.1069
2402-1701_tooth.png,96,35.8439,115.8904
2402-1701_tooth.png,97,36.2121,116.6585
2402-1701_tooth.png,98,36.6008,117.4108
2402-1701_tooth.png,99,37.0106,118.1469
2402-1701_tooth.png,100,37.4420,118.8663
2402-1701_tooth.png,101,37.8954,119.5688
2402-1701_tooth.png,102,38.3714,120.2539
2402-1701_tooth_2.png,0,32.4024,35.7074
2402-1701_tooth_2.png,1,31.9553,36.5311
2402-1701_tooth_2.png,2,31.5311,37.3693
2402-1701_tooth_2.png,3,31.1294,38.2217
2402-1701_tooth_2.png,4,30.7494,39.0879
2402-1701_tooth_2.png,5,30.3907,39.9675
2402-1701_tooth_2.png,6,30.0527,40.8600
2402-1701_tooth_2.png,7,29.7347,41.7651
2402-1701_tooth_2.png,8,29.4362,42.6823
2402-1701_tooth_2.png,9,29.1566,43.6112
2402-1701_tooth_2.png,10,28.8952,44.5514
2402-1701_tooth_2.png,11,28.6516,45.5025
2402-1701_tooth_2.png,12,28.4251,46.4641
2402-1701_tooth_2.png,13,28.2152,47.4357
2402-1701_tooth_2.png,14,28.0212,48.4170
2402-1701_tooth_2.png,15,27.8426,49.4075
2402-1701_tooth_2.png,16,27.6787,50.4068
2402-1701_tooth_2.png,17,27.5291,51.4145
2402-1701_tooth_2.png,18,27.3931,52.4302
2402-1701_tooth_2.png,19,27.2700,53.4535
2402-1701_tooth_2.png,20,27.1594,54.4839
2402-1701_tooth_2.png,21,27.0607,55.5211
2402-1701_tooth_2.png,22,26.9732,56.5646
2402-1701_tooth_2.png,23,26.8964,57.6140
2402-1701_tooth_2.png,24,26.8297,58.6689
2402-1701_tooth_2.png,25,26.7725,59.7289
2402-1701_tooth_2.png,26,26.7241,60.7936
2402-1701_tooth_2.png,27,26.6842,61.8625
2402-1701_tooth_2.png,28,26.6519,62.9353
2402-1701_tooth_2.png,29,26.6268,64.0115
2402-1701_tooth_2.png,30,26.6083,65.0907
2402-1701_tooth_2.png,31,26.5957,66.1725
2402-1701_tooth_2.png,32,26.5886,67.2565
2402-1701_tooth_2.png,33,26.5862,68.3423
2402-1701_tooth_2.png,34,26.5881,69.4295
2402-1701_tooth_2.png,35,26.5936,70.5176
2402-1701_tooth_2.png,36,26.6022,71.6062
2402-1701_tooth_2.png,37,26.6132,72.6949
2402-1701_tooth_2.png,38,26.6260,73.7833
2402-1701_tooth_2.png,39,26.6402,74.8711
2402-1701_tooth_2.png,40,26.6551,75.9577
2402-1701_tooth_2.png,41,26.6700,77.0427
2402-1701_tooth_2.png,42,26.6845,78.1258
2402-1701_tooth_2.png,43,26.6980,79.2066
2402-1701_tooth_2.png,44,26.7098,80.2845
2402-1701_tooth_2.png,45,26.7193,81.3593
2402-1701_tooth_2.png,46,26.7260,82.4304
2402-1701_tooth_2.png,47,26.7294,83.4976
2402-1701_tooth_2.png,48,26.7287,84.5602
2402-1701_tooth_2.png,49,26.7234,85.6181
2402-1701_tooth_2.png,50,26.7130,86.6706
2402-1701_tooth_2.png,51,26.6968,87.7175
2402-1701_tooth_2.png,52,26.6743,88.7583
2402-1701_tooth_2.png,53,26.6449,89.7926
2402-1701_tooth_2.png,54,26.6079,90.8199
2402-1701_tooth_2.png,55,26.5628,91.8399
2402-1701_tooth_2.png,56,26.5091,92.8522
2402-1701_tooth_2.png,57,26.4460,93.8563
2402-1701_tooth_2.png,58,26.3731,94.8518
2402-1701_tooth_2.png,59,26.2898,95.8383
2402-1701_tooth_2.png,60,26.1954,96.8154
2402-1701_tooth_2.png,61,26.0894,97.7827
2402-1701_tooth_2.png,62,25.9712,98.7397
2402-1701_tooth_2.png,63,25.8401,99.6861
2402-1701_tooth_2.png,64,25.6957,100.6215
2402-1701_tooth_2.png,65,25.5374,101.5453
2402-1701_tooth_2.png,66,25.3644,102.4573
2402-1701_tooth_2.png,67,25.1764,103.3569
2402-1701_tooth_2.png,68,24.9726,104.2438
2402-1701_tooth_2.png,69,24.7525,105.1176
2402-1701_tooth_2.png,70,24.5154,105.9779
2402-1701_tooth_2.png,71,24.2609,106.8241
2402-1701_tooth_2.png,72,23.9883,107.6560
2402-1701_tooth_2.png,73,23.6971,108.4731
2402-1701_tooth_2.png,74,23.3866,109.2750
2402-1701_tooth_2.png,75,23.0562,110.0613
2402-1701_tooth_4.png,0,16.9647,51.0146
2402-1701_tooth_4.png,1,17.1510,52.0410
2402-1701_tooth_4.png,2,17.7064,52.9145
2402-1701_tooth_4.png,3,18.1392,53.8388
2402-1701_tooth_4.png,4,17.9574,55.0177
24021701_tooth.png,0,48.2226,31.6280
24021701_tooth.png,1,47.6841,32.4448
24021701_tooth.png,2,47.1601,33.2676
24021701_tooth.png,3,46.6505,34.0962
24021701_tooth.png,4,46.1550,34.9305
24021701_tooth.png,5,45.6735,35.7705
24021701_tooth.png,6,45.2058,36.6162
24021701_tooth.png,7,44.7517,37.4673
24021701_tooth.png,8,44.3110,38.3240
24021701_tooth.png,9,43.8835,39.1860
24021701_tooth.png,10,43.4691,40.0533
24021701_tooth.png,11,43.0676,40.9259
24021701_tooth.png,12,42.6787,41.8036
24021701_tooth.png,13,42.3022,42.6864
24021701_tooth.png,14,41.9381,43.5743
24021701_tooth.png,15,41.5861,44.4671
24021701_tooth.png,16,41.2460,45.3647
24021701_tooth.png,17,40.9177,46.2672
24021701_tooth.png,18,40.6009,47.1743
24021701_tooth.png,19,40.2954,48.0862
24021701_tooth.png,20,40.0012,49.0025
24021701_tooth.png,21,39.7179,49.9234
24021701_tooth.png,22,39.4454,50.8488
24021701_tooth.png,23,39.1836,51.7784
24021701_tooth.png,24,38.9322,52.7124
24021701_tooth.png,25,38.6910,53.6505
24021701_tooth.png,26,38.4599,54.5928
24021701_tooth.png,27,38.2386,55.5391
24021701_tooth.png,28,38.0271,56.4894
24021701_tooth.png,29,37.8250,57.4437
24021701_tooth.png,30,37.6323,58.4017
24021701_tooth.png,31,37.4487,59.3635
24021701_tooth.png,32,37.2740,60.3290
24021701_tooth.png,33,37.1080,61.2981
24021701_tooth.png,34,36.9507,62.2708
24021701_tooth.png,35,36.8017,63.2469
24021701_tooth.png,36,36.6609,64.2264
24021701_tooth.png,37,36.5281,65.2092
24021701_tooth.png,38,36.4032,66.1953
24021701_tooth.png,39,36.2859,67.1845
24021701_tooth.png,40,36.1760,68.1768
24021701_tooth.png,41,36.0734,69.1722
24021701_tooth.png,42,35.9778,70.1705
24021701_tooth.png,43,35.8892,71.1716
24021701_tooth.png,44,35.8072,72.1756
24021701_tooth.png,45,35.7318,73.1822
24021701_tooth.png,46,35.6627,74.1916
24021701_tooth.png,47,35.5997,75.2035
24021701_tooth.png,48,35.5427,76.2179
24021701_tooth.png,49,35.4915,77.2347
24021701_tooth.png,50,35.4458,78.2539
24021701_tooth.png,51,35.4056,79.2754
24021701_tooth.png,52,35.3705,80.2990
24021701_tooth.png,53,35.3405,81.3248
24021701_tooth.png,54,35.3153,82.3527
24021701_tooth.png,55,35.2948,83.3826
24021701_tooth.png,56,35.2787,84.4143
24021701_tooth.png,57,35.2669,85.4479
24021701_tooth.png,58,35.2592,86.4833
24021701_tooth.png,59,35.2554,87.5203
24021701_tooth.png,60,35.2554,88.5590
24021701_tooth.png,61,35.2588,89.5992
24021701_tooth.png,62,35.2656,90.6408
24021701_tooth.png,63,35.2756,91.6839
24021701_tooth.png,64,35.2885,92.7282
24021701_tooth.png,65,35.3043,93.7739
24021701_tooth.png,66,35.3226,94.8206
24021701_tooth.png,67,35.3433,95.8685
24021701_tooth.png,68,35.3663,96.9174
24021701_tooth.png,69,35.3913,97.9673
24021701_tooth.png,70,35.4182,99.0180
24021701_tooth.png,71,35.4467,100.0695
24021701_tooth.png,72,35.4767,101.1218
24021701_tooth.png,73,35.5080,102.1747
24021701_tooth.png,74,35.5404,103.2282
24021701_tooth.png,75,35.5738,104.2822
24021701_tooth.png,76,35.6078,105.3366
24021701_tooth.png,77,35.6425,106.3913
24021701_tooth.png,78,35.6774,107.4464
24021701_tooth.png,79,35.7126,108.5017
24021701_tooth.png,80,35.7478,109.5571
24021701_tooth.png,81,35.7827,110.6125
24021701_tooth.png,82,35.8173,111.6680
24021701_tooth.png,83,35.8513,112.7233
24021701_tooth.png,84,35.8845,113.7785
24021701_tooth.png,85,35.9168,114.8335
24021701_tooth.png,86,35.9480,115.8881
24021701_tooth.png,87,35.9779,116.9424
24021701_tooth.png,88,36.0062,117.9962
24021701_tooth.png,89,36.0329,119.0495
24021701_tooth.png,90,36.0577,120.1022
24021701_tooth.png,91,36.0804,121.1541
24021701_tooth.png,92,36.1009,122.2054
24021701_tooth.png,93,36.1190,123.2558
24021701_tooth.png,94,36.1344,124.3053
24021701_tooth.png,95,36.1470,125.3538
24021701_tooth.png,96,36.1567,126.4013
24021701_tooth.png,97,36.1631,127.4477
24021701_tooth.png,98,36.1662,128.4929
24021701_tooth.png,99,36.1657,129.5367
24021701_tooth.png,100,36.1615,130.5793
24021701_tooth.png,101,36.1534,131.6204
24021701_tooth.png,102,36.1412,132.6601
24021701_tooth.png,103,36.1246,133.6981
24021701_tooth.png,104,36.1036,134.7345
24021701_tooth.png,105,36.0779,135.7693
24021701_tooth.png,106,36.0474,136.8022
24021701_tooth.png,107,36.0118,137.8332
24021701_tooth.png,108,35.9709,138.8624
25101444_tooth.png,0,62.9427,94.9081
25101444_tooth.png,1,63.2810,93.3311
25101444_tooth.png,2,63.5315,91.7789
25101444_tooth.png,3,63.6990,90.2546
25101444_tooth.png,4,63.7879,88.7611
25101444_tooth.png,5,63.8030,87.3011
25101444_tooth.png,6,63.7488,85.8777
25101444_tooth.png,7,63.6300,84.4937
25101444_tooth.png,8,63.4512,83.1521
25101444_tooth.png,9,63.2170,81.8556
25101444_tooth.png,10,62.9321,80.6073
25101444_tooth.png,11,62.6010,79.4100
25101444_tooth.png,12,62.2284,78.2666
25101444_tooth.png,13,61.8189,77.1800
25101444_tooth.png,14,61.3772,76.1531
25101444_tooth.png,15,60.9078,75.1889
25101444_tooth.png,16,60.4154,74.2901
25101444_tooth.png,17,59.9046,73.4598
25101444_tooth.png,18,59.3801,72.7007
25101444_tooth.png,19,58.8463,72.0158
25101444_tooth.png,20,58.3081,71.4081
25101444_tooth.png,21,57.7699,70.8803
25101444_tooth.png,22,57.2365,70.4354
25101444_tooth.png,23,56.7124,70.0763
25101444_tooth.png,24,56.2023,69.8059
25101444_tooth.png,25,55.7107,69.6270
25101444_tooth.png,26,55.2424,69.5427
25101444_tooth.png,27,54.8005,69.5540
25101444_tooth.png,28,54.3848,69.6576
25101444_tooth.png,29,53.9942,69.8494
25101444_tooth.png,30,53.6277,70.1250
25101444_tooth.png,31,53.2844,70.4804
25101444_tooth.png,32,52.9633,70.9114
25101444_tooth.png,33,52.6633,71.4137
25101444_tooth.png,34,52.3835,71.9833
25101444_tooth.png,35,52.1230,72.6158
25101444_tooth.png,36,51.8807,73.3072
25101444_tooth.png,37,51.6556,74.0533
25101444_tooth.png,38,51.4467,74.8498
25101444_tooth.png,39,51.2531,75.6927
25101444_tooth.png,40,51.0737,76.5776
25101444_tooth.png,41,50.9077,77.5005
25101444_tooth.png,42,50.7539,78.4572
25101444_tooth.png,43,50.6114,79.4434
25101444_tooth.png,44,50.4793,80.4550
25101444_tooth.png,45,50.3565,81.4879
25101444_tooth.png,46,50.2420,82.5377
25101444_tooth.png,47,50.1349,83.6004
25101444_tooth.png,48,50.0341,84.6718
25101444_tooth.png,49,49.9387,85.7477
25101444_tooth.png,50,49.8477,86.8238
25101444_tooth.png,51,49.7602,87.8965
25101444_tooth.png,52,49.6758,88.9643
25101444_tooth.png,53,49.5944,90.0275
25101444_tooth.png,54,49.5160,91.0862
25101444_tooth.png,55,49.4406,92.1404
25101444_tooth.png,56,49.3680,93.1903
25101444_tooth.png,57,49.2982,94.2360
25101444_tooth.png,58,49.2311,95.2777
25101444_tooth.png,59,49.1667,96.3154
25101444_tooth.png,60,49.1049,97.3493
25101444_tooth.png,61,49.0456,98.3795
25101444_tooth.png,62,48.9888,99.4061
25101444_tooth.png,63,48.9344,100.4292
25101444_tooth.png,64,48.8823,101.4490
25101444_tooth.png,65,48.8325,102.4655
25101444_tooth.png,66,48.7849,103.4789
25101444_tooth.png,67,48.7395,104.4893
25101444_tooth.png,68,48.6961,105.4969
25101444_tooth.png,69,48.6548,106.5017
25101444_tooth.png,70,48.6154,107.5038
25101444_tooth.png,71,48.5779,108.5034
25101444_tooth.png,72,48.5422,109.5006
25101444_tooth.png,73,48.5083,110.4955
25101444_tooth.png,74,48.4761,111.4883
25101444_tooth.png,75,48.4454,112.4790
25101444_tooth.png,76,48.4164,113.4678
25101444_tooth.png,77,48.3888,114.4547
25101444_tooth.png,78,48.3627,115.4400
25101444_tooth.png,79,48.3380,116.4237
25101444_tooth.png,80,48.3145,117.4060
25101444_tooth.png,81,48.2923,118.3869
25101444_tooth.png,82,48.2713,119.3666
25101444_tooth.png,83,48.2514,120.3452
25101444_tooth.png,84,48.2325,121.3228
25101444_tooth.png,85,48.2146,122.2995
25101444_tooth.png,86,48.1976,123.2755
25101444_tooth.png,87,48.1814,124.2509
25101444_tooth.png,88,48.1661,125.2258
25101444_tooth.png,89,48.1515,126.2003
25101444_tooth.png,90,48.1375,127.1746
25101444_tooth.png,91,48.1241,128.1487
25101444_tooth.png,92,48.1112,129.1227
25101444_tooth.png,93,48.0988,130.0969
25101444_tooth.png,94,48.0868,131.0712
25101444_tooth.png,95,48.0751,132.0459
25101444_tooth.png,96,48.0637,133.0210
25101444_tooth.png,97,48.0525,133.9967
25101444_tooth.png,98,48.0415,134.9731
25101444_tooth.png,99,48.0305,135.9503
25101444_tooth.png,100,48.0195,136.9283
25101444_tooth.png,101,48.0084,137.9075
25101444_tooth.png,102,47.9973,138.8878
25101444_tooth.png,103,47.9859,139.8693
25101444_tooth.png,104,47.9744,140.8522
25101444_tooth.png,105,47.9626,141.8362
25101444_tooth.png,106,47.9507,142.8215
25101444_tooth.png,107,47.9385,143.8080
25101444_tooth.png,108,47.9262,144.7956
25101444_tooth.png,109,47.9137,145.7844
25101444_tooth.png,110,47.9010,146.7742
25101444_tooth.png,111,47.8881,147.7651
25101444_tooth.png,112,47.8750,148.7570
25101444_tooth.png,113,47.8617,149.7499
25101444_tooth.png,114,47.8482,150.7438
25101444_tooth.png,115,47.8346,151.7386
25101444_tooth.png,116,47.8207,152.7343
25101444_tooth.png,117,47.8067,153.7309
25101444_tooth.png,118,47.7925,154.7283
25101444_tooth.png,119,47.7782,155.7265
25101444_tooth.png,120,47.7636,156.7255
25101444_tooth.png,121,47.7489,157.7252
25101444_tooth.png,122,47.7340,158.7257
25101444_tooth.png,123,47.7189,159.7268
25101444_tooth.png,124,47.7036,160.7286
25101444_tooth.png,125,47.6882,161.7311
25101444_tooth.png,126,47.6726,162.7341
25101444_tooth.png,127,47.6568,163.7376
25101444_tooth.png,128,47.6409,164.7417
25101444_tooth.png,129,47.6248,165.7463
25101444_tooth.png,130,47.6085,166.7514
25101444_tooth.png,131,47.5921,167.7568
25101444_tooth.png,132,47.5755,168.7627
25101444_tooth.png,133,47.5587,169.7690
25101444_tooth.png,134,47.5418,170.7756
25101444_tooth.png,135,47.5247,171.7825
25101444_tooth.png,136,47.5075,172.7897
25101444_tooth.png,137,47.4901,173.7971
25101444_tooth.png,138,47.4725,174.8047
25101444_tooth.png,139,47.4548,175.8126
25101444_tooth.png,140,47.4370,176.8206
25101444_tooth.png,141,47.4190,177.8287
25101444_tooth.png,142,47.4008,178.8369
25101444_tooth.png,143,47.3825,179.8451
25101444_tooth.png,144,47.3641,180.8534
25101444_tooth.png,145,47.3455,181.8617
25101444_tooth.png,146,47.3267,182.8699
25101444_tooth.png,147,47.3078,183.8781
25101444_tooth.png,148,47.2888,184.8862
25101444_tooth.png,149,47.2696,185.8941
25101444_tooth.png,150,47.2503,186.9019
25101444_tooth.png,151,47.2308,187.9095
25101444_tooth.png,152,47.2112,188.9169
25101444_tooth.png,153,47.1915,189.9240
25101444_tooth.png,154,47.1716,190.9309
25101444_tooth.png,155,47.1516,191.9374
25101444_tooth.png,156,47.1315,192.9436
25101444_tooth.png,157,47.1112,193.9494
25101444_tooth.png,158,47.0909,194.9548
25101444_tooth.png,159,47.0703,195.9598
25101444_tooth.png,160,47.0497,196.9643
25101444_tooth.png,161,47.0289,197.9683
25101444_tooth.png,162,47.0080,198.9717
25101444_tooth.png,163,46.9870,199.9746
25101444_tooth.png,164,46.9658,200.9769
25101444_tooth.png,165,46.9446,201.9786
25101444_tooth.png,166,46.9232,202.9796
25101444_tooth.png,167,46.9017,203.9799
25101444_tooth.png,168,46.8801,204.9795
25101444_tooth.png,169,46.8583,205.9783
25101444_tooth.png,170,46.8365,206.9764
25101444_tooth.png,171,46.8145,207.9737
25101444_tooth.png,172,46.7924,208.9701
25101444_tooth.png,173,46.7702,209.9656
25101444_tooth.png,174,46.7479,210.9602
25101444_tooth.png,175,46.7255,211.9539
25101444_tooth.png,176,46.7030,212.9466
25101444_tooth.png,177,46.6804,213.9383
25101444_tooth.png,178,46.6576,214.9290
25101444_tooth.png,179,46.6348,215.9186
25101444_tooth.png,180,46.6119,216.9071
25101444_tooth.png,181,46.5888,217.8945
25101444_tooth.png,182,46.5657,218.8808
25101444_tooth.png,183,46.5425,219.8658
25101444_tooth.png,184,46.5191,220.8497
25101444_tooth.png,185,46.4957,221.8322
25101444_tooth.png,186,46.4722,222.8135
25101444_tooth.png,187,46.4486,223.7935
25101444_tooth.png,188,46.4249,224.7722
25101444_tooth.png,189,46.4011,225.7494
25101444_tooth.png,190,46.3772,226.7253
25101444_tooth.png,191,46.3532,227.6997
25101444_tooth.png,192,46.3292,228.6727
25101444_tooth.png,193,46.3050,229.6441
25101444_tooth.png,194,46.2808,230.6140
25101444_tooth.png,195,46.2565,231.5824
25101444_tooth.png,196,46.2321,232.5492
25101444_tooth.png,197,46.2076,233.5143
25101444_tooth.png,198,46.1831,234.4778
25101444_tooth.png,199,46.1584,235.4396
25101444_tooth.png,200,46.1337,236.3997
25101444_tooth.png,201,46.1089,237.3580
25101444_tooth.png,202,46.0841,238.3145
25101444_tooth.png,203,46.0591,239.2693
25101444_tooth.png,204,46.0341,240.2222
25101444_tooth.png,205,46.0091,241.1732
25120477_tooth.png,0,24.5036,20.6426
25120477_tooth.png,1,24.4921,21.6711
25120477_tooth.png,2,24.4784,22.6980
25120477_tooth.png,3,24.4625,23.7234
25120477_tooth.png,4,24.4445,24.7472
25120477_tooth.png,5,24.4245,25.7695
25120477_tooth.png,6,24.4023,26.7903
25120477_tooth.png,7,24.3782,27.8096
25120477_tooth.png,8,24.3520,28.8275
25120477_tooth.png,9,24.3239,29.8440
25120477_tooth.png,10,24.2938,30.8591
25120477_tooth.png,11,24.2619,31.8729
25120477_tooth.png,12,24.2281,32.8853
25120477_tooth.png,13,24.1924,33.8964
25120477_tooth.png,14,24.1550,34.9062
25120477_tooth.png,15,24.1158,35.9148
25120477_tooth.png,16,24.0749,36.9221
25120477_tooth.png,17,24.0323,37.9283
25120477_tooth.png,18,23.9881,38.9332
25120477_tooth.png,19,23.9422,39.9370
25120477_tooth.png,20,23.8947,40.9397
25120477_tooth.png,21,23.8457,41.9413
25120477_tooth.png,22,23.7952,42.9418
25120477_tooth.png,23,23.7432,43.9412
25120477_tooth.png,24,23.6897,44.9397
25120477_tooth.png,25,23.6348,45.9371
25120477_tooth.png,26,23.5785,46.9335
25120477_tooth.png,27,23.5209,47.9290
25120477_tooth.png,28,23.4619,48.9236
25120477_tooth.png,29,23.4017,49.9173
25120477_tooth.png,30,23.3402,50.9102
25120477_tooth.png,31,23.2775,51.9021
25120477_tooth.png,32,23.2136,52.8933
25120477_tooth.png,33,23.1486,53.8837
25120477_tooth.png,34,23.0825,54.8733
25120477_tooth.png,35,23.0152,55.8621
25120477_tooth.png,36,22.9470,56.8503
25120477_tooth.png,37,22.8777,57.8378
25120477_tooth.png,38,22.8074,58.8246
25120477_tooth.png,39,22.7362,59.8107
25120477_tooth.png,40,22.6641,60.7963
25120477_tooth.png,41,22.5911,61.7813
25120477_tooth.png,42,22.5173,62.7657
25120477_tooth.png,43,22.4426,63.7495
25120477_tooth.png,44,22.3672,64.7329
25120477_tooth.png,45,22.2910,65.7158
25120477_tooth.png,46,22.2142,66.6982
25120477_tooth.png,47,22.1366,67.6802
25120477_tooth.png,48,22.0584,68.6618
25120477_tooth.png,49,21.9796,69.6431
25120477_tooth.png,50,21.9003,70.6239
25120477_tooth.png,51,21.8203,71.6045
25120477_tooth.png,52,21.7399,72.5847
25120477_tooth.png,53,21.6591,73.5647
25120477_tooth.png,54,21.5777,74.5444
25120477_tooth.png,55,21.4960,75.5239
25120477_tooth.png,56,21.4139,76.5032
25120477_tooth.png,57,21.3315,77.4823
25120477_tooth.png,58,21.2488,78.4613
25120477_tooth.png,59,21.1658,79.4402
25120477_tooth.png,60,21.0825,80.4189
25120477_tooth.png,61,20.9991,81.3976
25120477_tooth.png,62,20.9155,82.3763
25120477_tooth.png,63,20.8318,83.3549
25120477_tooth.png,64,20.7480,84.3336
25120477_tooth.png,65,20.6641,85.3123
25120477_tooth.png,66,20.5802,86.2910
25120477_tooth.png,67,20.4962,87.2698
25120477_tooth.png,68,20.4124,88.2488
25120477_tooth.png,69,20.3285,89.2279
25120477_tooth.png,70,20.2448,90.2071
25120477_tooth.png,71,20.1613,91.1865
25120477_tooth.png,72,20.0779,92.1662
25120477_tooth.png,73,19.9947,93.1461
25120477_tooth.png,74,19.9117,94.1263
25120477_tooth.png,75,19.8291,95.1067
25120477_tooth.png,76,19.7467,96.0875
25120477_tooth.png,77,19.6647,97.0686
25120477_tooth.png,78,19.5830,98.0501
25120477_tooth.png,79,19.5018,99.0320
25120477_tooth.png,80,19.4210,100.0143
25120477_tooth.png,81,19.3407,100.9970
25120477_tooth.png,82,19.2609,101.9803
25120477_tooth.png,83,19.1816,102.9640
25120477_tooth.png,84,19.1029,103.9483
25120477_tooth.png,85,19.0249,104.9331
25120477_tooth.png,86,18.9474,105.9185
25120477_tooth.png,87,18.8707,106.9044
25120477_tooth.png,88,18.7947,107.8911
25120477_tooth.png,89,18.7194,108.8783
25120477_tooth.png,90,18.6449,109.8663
25120477_tooth.png,91,18.5712,110.8549
25120477_tooth.png,92,18.4984,111.8443
25120477_tooth.png,93,18.4264,112.8345
25120477_tooth.png,94,18.3554,113.8254
25120477_tooth.png,95,18.2853,114.8172
25120477_tooth.png,96,18.2162,115.8097
25120477_tooth.png,97,18.1481,116.8032
25120477_tooth.png,98,18.0811,117.7975
25120477_tooth.png,99,18.0152,118.7927
25120477_tooth.png,100,17.9504,119.7889
25120477_tooth.png,101,17.8867,120.7861
25120477_tooth.png,102,17.8242,121.7842
25120477_tooth.png,103,17.7630,122.7834
25120477_tooth.png,104,17.7030,123.7836
25120477_tooth.png,105,17.6443,124.7848
25120477_tooth.png,106,17.5869,125.7872
25120477_tooth.png,107,17.5309,126.7906
25120477_tooth.png,108,17.4763,127.7953
25120477_tooth.png,109,17.4231,128.8011
25120477_tooth.png,110,17.3713,129.8081
25120477_tooth.png,111,17.3211,130.8163
25120477_tooth.png,112,17.2724,131.8257
25120477_tooth.png,113,17.2252,132.8365
25120477_tooth.png,114,17.1796,133.8485
25120477_tooth.png,115,17.1357,134.8619
25120477_tooth.png,116,17.0934,135.8766
25120477_tooth.png,117,17.0528,136.8927
25120477_tooth.png,118,17.0140,137.9102
25120477_tooth.png,119,16.9769,138.9291
25120477_tooth.png,120,16.9416,139.9495
25120477_tooth.png,121,16.9081,140.9713
25120477_tooth.png,122,16.8766,141.9947
25120477_tooth.png,123,16.8469,143.0196
25120477_tooth.png,124,16.8191,144.0461
25120477_tooth.png,125,16.7933,145.0741
26020252_tooth.png,0,39.1270,25.6384
26020252_tooth.png,1,39.4808,26.8494
26020252_tooth.png,2,39.7814,28.0383
26020252_tooth.png,3,40.0307,29.2060
26020252_tooth.png,4,40.2311,30.3534
26020252_tooth.png,5,40.3846,31.4815
26020252_tooth.png,6,40.4935,32.5910
26020252_tooth.png,7,40.5599,33.6830
26020252_tooth.png,8,40.5860,34.7582
26020252_tooth.png,9,40.5740,35.8177
26020252_tooth.png,10,40.5260,36.8622
26020252_tooth.png,11,40.4442,37.8928
26020252_tooth.png,12,40.3308,38.9102
26020252_tooth.png,13,40.1879,39.9155
26020252_tooth.png,14,40.0177,40.9094
26020252_tooth.png,15,39.8225,41.8930
26020252_tooth.png,16,39.6042,42.8670
26020252_tooth.png,17,39.3652,43.8324
26020252_tooth.png,18,39.1076,44.7902
26020252_tooth.png,19,38.8336,45.7411
26020252_tooth.png,20,38.5453,46.6861
26020252_tooth.png,21,38.2449,47.6261
26020252_tooth.png,22,37.9346,48.5620
26020252_tooth.png,23,37.6165,49.4947
26020252_tooth.png,24,37.2929,50.4251
26020252_tooth.png,25,36.9658,51.3540
26020252_tooth.png,26,36.6375,52.2825
26020252_tooth.png,27,36.3101,53.2113
26020252_tooth.png,28,35.9858,54.1414
26020252_tooth.png,29,35.6668,55.0737
26020252_tooth.png,30,35.3553,56.0091
26020252_tooth.png,31,35.0533,56.9484
26020252_tooth.png,32,34.7631,57.8927
26020252_tooth.png,33,34.4869,58.8427
26020252_tooth.png,34,34.2268,59.7994
26020252_tooth.png,35,33.9850,60.7636
26020252_tooth.png,36,33.7636,61.7364
26020252_tooth.png,37,33.5649,62.7185
26020252_tooth.png,38,33.3909,63.7109
26020252_tooth.png,39,33.2440,64.7145
26020252_tooth.png,40,33.1262,65.7301
26020252_tooth.png,41,33.0397,66.7587
26020252_tooth.png,42,32.9867,67.8012
26020252_tooth.png,43,32.9693,68.8584
26020252_tooth.png,44,32.9898,69.9313
26020252_tooth.png,45,33.0502,71.0208
26020433_tooth.png,0,27.9942,39.4428
26020433_tooth.png,1,27.5854,40.4624
26020433_tooth.png,2,27.2001,41.4801
26020433_tooth.png,3,26.8378,42.4960
26020433_tooth.png,4,26.4979,43.5101
26020433_tooth.png,5,26.1799,44.5227
26020433_tooth.png,6,25.8832,45.5336
26020433_tooth.png,7,25.6073,46.5431
26020433_tooth.png,8,25.3516,47.5512
26020433_tooth.png,9,25.1155,48.5580
26020433_tooth.png,10,24.8987,49.5635
26020433_tooth.png,11,24.7004,50.5679
26020433_tooth.png,12,24.5201,51.5712
26020433_tooth.png,13,24.3573,52.5735
26020433_tooth.png,14,24.2115,53.5749
26020433_tooth.png,15,24.0821,54.5754
26020433_tooth.png,16,23.9686,55.5752
26020433_tooth.png,17,23.8704,56.5744
26020433_tooth.png,18,23.7869,57.5729
26020433_tooth.png,19,23.7176,58.5709
26020433_tooth.png,20,23.6620,59.5685
26020433_tooth.png,21,23.6196,60.5658
26020433_tooth.png,22,23.5897,61.5628
26020433_tooth.png,23,23.5718,62.5596
26020433_tooth.png,24,23.5655,63.5563
26020433_tooth.png,25,23.5701,64.5530
26020433_tooth.png,26,23.5850,65.5497
26020433_tooth.png,27,23.6098,66.5466
26020433_tooth.png,28,23.6439,67.5437
26020433_tooth.png,29,23.6868,68.5411
26020433_tooth.png,30,23.7378,69.5389
26020433_tooth.png,31,23.7966,70.5372
26020433_tooth.png,32,23.8624,71.5359
26020433_tooth.png,33,23.9348,72.5354
26020433_tooth.png,34,24.0132,73.5355
26020433_tooth.png,35,24.0971,74.5364
26020433_tooth.png,36,24.1859,75.5382
26020433_tooth.png,37,24.2791,76.5409
26020433_tooth.png,38,24.3762,77.5447
26020433_tooth.png,39,24.4765,78.5495
26020433_tooth.png,40,24.5795,79.5556
26020433_tooth.png,41,24.6848,80.5629
26020433_tooth.png,42,24.7917,81.5716
26020433_tooth.png,43,24.8997,82.5817
26020433_tooth.png,44,25.0082,83.5934
26020433_tooth.png,45,25.1168,84.6066
26020433_tooth.png,46,25.2248,85.6215
26020433_tooth.png,47,25.3318,86.6382
26020433_tooth.png,48,25.4371,87.6567
26020433_tooth.png,49,25.5402,88.6771
26020433_tooth.png,50,25.6406,89.6995
26020433_tooth.png,51,25.7377,90.7240
26020433_tooth.png,52,25.8311,91.7507
26020433_tooth.png,53,25.9200,92.7796
26020433_tooth.png,54,26.0040,93.8109
26020433_tooth.png,55,26.0826,94.8445
26020433_tooth.png,56,26.1552,95.8807
26020433_tooth.png,57,26.2212,96.9194
26020433_tooth.png,58,26.2802,97.9608
26020433_tooth.png,59,26.3315,99.0048
26020433_tooth.png,60,26.3746,100.0517
26020433_tooth.png,61,26.4089,101.1015
26020433_tooth.png,62,26.4340,102.1543
26020433_tooth.png,63,26.4492,103.2101
26020433_tooth.png,64,26.4541,104.2691
26020854_tooth.png,0,40.1982,57.0821
26020854_tooth.png,1,39.8522,57.9764
26020854_tooth.png,2,39.5711,58.8977
26020854_tooth.png,3,39.3494,59.8435
26020854_tooth.png,4,39.1815,60.8116
26020854_tooth.png,5,39.0620,61.7998
26020854_tooth.png,6,38.9853,62.8056
26020854_tooth.png,7,38.9459,63.8269
26020854_tooth.png,8,38.9382,64.8614
26020854_tooth.png,9,38.9568,65.9068
26020854_tooth.png,10,38.9961,66.9607
26020854_tooth.png,11,39.0505,68.0209
2603-0501_tooth.png,0,26.2033,52.0842
2603-0501_tooth.png,1,26.0295,53.0381
2603-0501_tooth.png,2,25.8621,53.9947
2603-0501_tooth.png,3,25.7029,54.9546
2603-0501_tooth.png,4,25.5533,55.9185
2603-0501_tooth.png,5,25.4152,56.8872
2603-0501_tooth.png,6,25.2899,57.8612
2603-0501_tooth.png,7,25.1793,58.8413
2603-0501_tooth.png,8,25.0849,59.8281
2603-0501_tooth.png,9,25.0083,60.8222
2603-0501_tooth.png,10,24.9512,61.8245
2603-0501_tooth.png,11,24.9151,62.8354
2603-0501_tooth.png,12,24.9018,63.8558
2603-0501_tooth.png,13,24.9128,64.8862
2603-0501_tooth.png,14,24.9497,65.9274
2603-0501_tooth.png,15,25.0142,66.9800
2603-0501_tooth.png,16,25.1079,68.0447
26030375_tooth.png,0,28.6291,18.8650
26030375_tooth.png,1,28.4968,19.8211
26030375_tooth.png,2,28.3690,20.7767
26030375_tooth.png,3,28.2458,21.7320
26030375_tooth.png,4,28.1271,22.6870
26030375_tooth.png,5,28.0127,23.6418
26030375_tooth.png,6,27.9027,24.5963
26030375_tooth.png,7,27.7968,25.5507
26030375_tooth.png,8,27.6952,26.5049
26030375_tooth.png,9,27.5976,27.4590
26030375_tooth.png,10,27.5040,28.4131
26030375_tooth.png,11,27.4143,29.3672
26030375_tooth.png,12,27.3286,30.3213
26030375_tooth.png,13,27.2466,31.2754
26030375_tooth.png,14,27.1683,32.2297
26030375_tooth.png,15,27.0936,33.1841
26030375_tooth.png,16,27.0225,34.1387
26030375_tooth.png,17,26.9549,35.0935
26030375_tooth.png,18,26.8907,36.0486
26030375_tooth.png,19,26.8298,37.0040
26030375_tooth.png,20,26.7723,37.9597
26030375_tooth.png,21,26.7178,38.9158
26030375_tooth.png,22,26.6666,39.8724
26030375_tooth.png,23,26.6183,40.8294
26030375_tooth.png,24,26.5730,41.7869
26030375_tooth.png,25,26.5306,42.7450
26030375_tooth.png,26,26.4911,43.7037
26030375_tooth.png,27,26.4543,44.6630
26030375_tooth.png,28,26.4201,45.6229
26030375_tooth.png,29,26.3885,46.5836
26030375_tooth.png,30,26.3595,47.5450
26030375_tooth.png,31,26.3329,48.5072
26030375_tooth.png,32,26.3087,49.4703
26030375_tooth.png,33,26.2868,50.4342
26030375_tooth.png,34,26.2671,51.3990
26030375_tooth.png,35,26.2495,52.3647
26030375_tooth.png,36,26.2340,53.3315
26030375_tooth.png,37,26.2205,54.2992
26030375_tooth.png,38,26.2090,55.2681
26030375_tooth.png,39,26.1993,56.2380
26030375_tooth.png,40,26.1914,57.2091
26030375_tooth.png,41,26.1851,58.1814
26030375_tooth.png,42,26.1806,59.1550
26030375_tooth.png,43,26.1775,60.1297
26030375_tooth.png,44,26.1760,61.1058
26030375_tooth.png,45,26.1758,62.0833
26030375_tooth.png,46,26.1770,63.0621
26030375_tooth.png,47,26.1794,64.0424
26030375_tooth.png,48,26.1830,65.0242
26030375_tooth.png,49,26.1877,66.0074
26030375_tooth.png,50,26.1935,66.9922
26030375_tooth.png,51,26.2002,67.9786
26030375_tooth.png,52,26.2078,68.9666
26030375_tooth.png,53,26.2162,69.9563
26030375_tooth.png,54,26.2254,70.9477
26030375_tooth.png,55,26.2352,71.9409
26030375_tooth.png,56,26.2456,72.9358
26030375_tooth.png,57,26.2565,73.9326
26030375_tooth.png,58,26.2678,74.9313
26030375_tooth.png,59,26.2795,75.9318
26030375_tooth.png,60,26.2915,76.9343
26030375_tooth.png,61,26.3037,77.9389
26030375_tooth.png,62,26.3161,78.9454
26030375_tooth.png,63,26.3285,79.9540
26030375_tooth.png,64,26.3409,80.9647
26030375_tooth.png,65,26.3533,81.9776
26030375_tooth.png,66,26.3654,82.9927
26030375_tooth.png,67,26.3774,84.0100
26030375_tooth.png,68,26.3890,85.0296
26030375_tooth.png,69,26.4003,86.0514
26030375_tooth.png,70,26.4111,87.0757
26030375_tooth.png,71,26.4213,88.1023
26030375_tooth.png,72,26.4310,89.1314
26030375_tooth.png,73,26.4400,90.1629
26030375_tooth.png,74,26.4483,91.1970
26030375_tooth.png,75,26.4557,92.2336
26030375_tooth.png,76,26.4622,93.2728
26030375_tooth.png,77,26.4677,94.3146
26030375_tooth.png,78,26.4722,95.3591
26030375_tooth.png,79,26.4756,96.4064
26030375_tooth.png,80,26.4778,97.4563
26030375_tooth.png,81,26.4787,98.5091
26030375_tooth.png,82,26.4782,99.5647
26030375_tooth.png,83,26.4764,100.6232
26030375_tooth.png,84,26.4730,101.6846
26030375_tooth.png,85,26.4681,102.7490
26030375_tooth.png,86,26.4615,103.8163
26030375_tooth.png,87,26.4532,104.8867
26030375_tooth.png,88,26.4431,105.9602
26030375_tooth.png,89,26.4312,107.0367
26030375_tooth.png,90,26.4173,108.1165
26030375_tooth.png,91,26.4014,109.1994
26030375_tooth.png,92,26.3834,110.2856
26030501_tooth.png,0,40.0226,65.0094
26030501_tooth.png,1,39.9427,66.0591
26030501_tooth.png,2,40.0342,67.1799
26030501_tooth.png,3,40.0651,68.2755
26030501_tooth.png,4,39.8029,69.2497
26030501_tooth.png,5,39.0156,70.0065
26031506_tooth.png,0,37.0018,27.7784
26031506_tooth.png,1,36.9525,28.7244
26031506_tooth.png,2,36.9074,29.6744
26031506_tooth.png,3,36.8661,30.6282
26031506_tooth.png,4,36.8287,31.5858
26031506_tooth.png,5,36.7950,32.5471
26031506_tooth.png,6,36.7650,33.5119
26031506_tooth.png,7,36.7386,34.4801
26031506_tooth.png,8,36.7156,35.4517
26031506_tooth.png,9,36.6961,36.4265
26031506_tooth.png,10,36.6797,37.4043
26031506_tooth.png,11,36.6666,38.3852
26031506_tooth.png,12,36.6566,39.3690
26031506_tooth.png,13,36.6496,40.3556
26031506_tooth.png,14,36.6455,41.3448
26031506_tooth.png,15,36.6442,42.3366
26031506_tooth.png,16,36.6456,43.3309
26031506_tooth.png,17,36.6496,44.3275
26031506_tooth.png,18,36.6562,45.3264
26031506_tooth.png,19,36.6652,46.3274
26031506_tooth.png,20,36.6766,47.3304
26031506_tooth.png,21,36.6902,48.3354
26031506_tooth.png,22,36.7060,49.3421
26031506_tooth.png,23,36.7238,50.3506
26031506_tooth.png,24,36.7437,51.3607
26031506_tooth.png,25,36.7654,52.3722
26031506_tooth.png,26,36.7888,53.3852
26031506_tooth.png,27,36.8140,54.3994
26031506_tooth.png,28,36.8408,55.4148
26031506_tooth.png,29,36.8691,56.4312
26031506_tooth.png,30,36.8987,57.4486
26031506_tooth.png,31,36.9297,58.4668
26031506_tooth.png,32,36.9620,59.4858
26031506_tooth.png,33,36.9953,60.5054
26031506_tooth.png,34,37.0297,61.5255
26031506_tooth.png,35,37.0651,62.5460
26031506_tooth.png,36,37.1012,63.5668
26031506_tooth.png,37,37.1382,64.5878
26031506_tooth.png,38,37.1758,65.6089
26031506_tooth.png,39,37.2139,66.6299
26031506_tooth.png,40,37.2526,67.6509
26031506_tooth.png,41,37.2916,68.6716
26031506_tooth.png,42,37.3309,69.6919
26031506_tooth.png,43,37.3704,70.7118
26031506_tooth.png,44,37.4100,71.7311
26031506_tooth.png,45,37.4497,72.7498
26031506_tooth.png,46,37.4892,73.7676
26031506_tooth.png,47,37.5285,74.7846
26031506_tooth.png,48,37.5676,75.8006
26031506_tooth.png,49,37.6063,76.8155
26031506_tooth.png,50,37.6446,77.8292
26031506_tooth.png,51,37.6823,78.8416
26031506_tooth.png,52,37.7193,79.8525
26031506_tooth.png,53,37.7556,80.8619
26031506_tooth.png,54,37.7911,81.8696
26031506_tooth.png,55,37.8256,82.8756
26031506_tooth.png,56,37.8591,83.8798
26031506_tooth.png,57,37.8915,84.8819
26031506_tooth.png,58,37.9227,85.8820
26031506_tooth.png,59,37.9526,86.8800
26031506_tooth.png,60,37.9811,87.8756
26031506_tooth.png,61,38.0081,88.8688
26031506_tooth.png,62,38.0335,89.8595
26031506_tooth.png,63,38.0572,90.8476
26031506_tooth.png,64,38.0792,91.8330
26031506_tooth.png,65,38.0993,92.8155
26031506_tooth.png,66,38.1175,93.7951
26031615_tooth.png,0,35.5348,9.8911
26031615_tooth.png,1,34.6056,10.4808
26031615_tooth.png,2,33.7309,11.0917
26031615_tooth.png,3,32.9094,11.7231
26031615_tooth.png,4,32.1394,12.3747
26031615_tooth.png,5,31.4195,13.0459
26031615_tooth.png,6,30.7482,13.7363
26031615_tooth.png,7,30.1239,14.4453
26031615_tooth.png,8,29.5451,15.1724
26031615_tooth.png,9,29.0103,15.9172
26031615_tooth.png,10,28.5180,16.6792
26031615_tooth.png,11,28.0666,17.4579
26031615_tooth.png,12,27.6548,18.2527
26031615_tooth.png,13,27.2808,19.0633
26031615_tooth.png,14,26.9433,19.8891
26031615_tooth.png,15,26.6407,20.7296
26031615_tooth.png,16,26.3715,21.5843
26031615_tooth.png,17,26.1342,22.4528
26031615_tooth.png,18,25.9273,23.3345
26031615_tooth.png,19,25.7492,24.2290
26031615_tooth.png,20,25.5984,25.1358
26031615_tooth.png,21,25.4735,26.0544
26031615_tooth.png,22,25.3729,26.9842
26031615_tooth.png,23,25.2950,27.9249
26031615_tooth.png,24,25.2384,28.8759
26031615_tooth.png,25,25.2016,29.8367
26031615_tooth.png,26,25.1831,30.8069
26031615_tooth.png,27,25.1813,31.7858
26031615_tooth.png,28,25.1946,32.7732
26031615_tooth.png,29,25.2217,33.7684
26031615_tooth.png,30,25.2610,34.7710
26031615_tooth.png,31,25.3109,35.7805
26031615_tooth.png,32,25.3700,36.7963
26031615_tooth.png,33,25.4368,37.8181
26031615_tooth.png,34,25.5096,38.8453
26031615_tooth.png,35,25.5871,39.8774
26031615_tooth.png,36,25.6677,40.9140
26031615_tooth.png,37,25.7498,41.9545
26031615_tooth.png,38,25.8320,42.9984
26031615_tooth.png,39,25.9128,44.0453
26031615_tooth.png,40,25.9905,45.0947
26031615_tooth.png,41,26.0638,46.1461
26031615_tooth.png,42,26.1312,47.1990
26031615_tooth.png,43,26.1909,48.2529
26031615_tooth.png,44,26.2417,49.3073
26031615_tooth.png,45,26.2819,50.3617
26031615_tooth.png,46,26.3101,51.4156
26031615_tooth.png,47,26.3247,52.4687
26031615_tooth.png,48,26.3242,53.5202
26031615_tooth.png,49,26.3071,54.5698
26031615_tooth.png,50,26.2719,55.6171
26031615_tooth.png,51,26.2171,56.6613
26031615_tooth.png,52,26.1411,57.7022
26031615_tooth.png,53,26.0424,58.7392
26031615_tooth.png,54,25.9196,59.7718
26031615_tooth.png,55,25.7710,60.7996
26031615_tooth.png,56,25.5953,61.8220
26031615_tooth.png,57,25.3908,62.8385
26031615_tooth.png,58,25.1561,63.8487
26031615_tooth.png,59,24.8897,64.8520
26031615_tooth.png,60,24.5899,65.8480
26031615_tooth.png,61,24.2554,66.8362
26031615_tooth.png,62,23.8846,67.8162
26031615_tooth.png,63,23.4760,68.7873
26031615_tooth.png,64,23.0280,69.7491
26031615_tooth.png,65,22.5392,70.7012
26031615_tooth.png,66,22.0080,71.6430
26031615_tooth.png,67,21.4330,72.5740
26031615_tooth.png,68,20.8126,73.4938
26031615_tooth.png,69,20.1452,74.4019
26031615_tooth.png,70,19.4295,75.2977
26031779_tooth.png,0,46.4941,10.7238
26031779_tooth.png,1,46.4372,11.9203
26031779_tooth.png,2,46.4181,13.0893
26031779_tooth.png,3,46.4359,14.2311
26031779_tooth.png,4,46.4904,15.3461
26031779_tooth.png,5,46.5807,16.4345
26031779_tooth.png,6,46.7065,17.4967
26031779_tooth.png,7,46.8671,18.5330
26031779_tooth.png,8,47.0621,19.5436
26031779_tooth.png,9,47.2907,20.5289
26031779_tooth.png,10,47.5526,21.4893
26031779_tooth.png,11,47.8470,22.4249
26031779_tooth.png,12,48.1736,23.3361
26031779_tooth.png,13,48.5316,24.2232
26031779_tooth.png,14,48.9206,25.0866
26031779_tooth.png,15,49.3400,25.9265
26031779_tooth.png,16,49.7892,26.7432
26031779_tooth.png,17,50.2677,27.5371
26031779_tooth.png,18,50.7750,28.3084
26031779_tooth.png,19,51.3104,29.0575
26031779_tooth.png,20,51.8734,29.7847
26031779_tooth.png,21,52.4635,30.4903
26031779_tooth.png,22,53.0801,31.1745
26031779_tooth.png,23,53.7226,31.8378
26031779_tooth.png,24,54.3905,32.4803
26031779_tooth.png,25,55.0832,33.1025
26031779_tooth.png,26,55.8002,33.7046
26031779_tooth.png,27,56.5409,34.2869
26031779_tooth.png,28,57.3048,34.8498
26031779_tooth.png,29,58.0913,35.3935
26031779_tooth.png,30,58.8998,35.9184
26031779_tooth.png,31,59.7298,36.4248
26031779_tooth.png,32,60.5808,36.9129
26031779_tooth.png,33,61.4521,37.3831
26031779_tooth.png,34,62.3432,37.8357
26031779_tooth.png,35,63.2536,38.2710
26031779_tooth.png,36,64.1827,38.6893
26031779_tooth.png,37,65.1300,39.0909
26031779_tooth.png,38,66.0948,39.4761
26031782-1_tooth.png,0,13.0000,20.0000
26031782-1_tooth.png,1,13.0000,21.0000
26031782-1_tooth.png,2,13.0000,22.0000
26031782-1_tooth.png,3,13.0000,23.0000
26031782-1_tooth.png,4,13.0000,24.0000
26031782-1_tooth.png,5,13.0000,25.0000
26031782-1_tooth.png,6,13.0000,26.0000
26031782-1_tooth.png,7,13.0000,27.0000
26031782-1_tooth.png,8,13.0000,28.0000
26031782-1_tooth.png,9,13.0000,29.0000
26031782_tooth.png,0,11.0638,66.6122
26031782_tooth.png,1,11.3390,67.8070
26031782_tooth.png,2,11.5546,68.9771
26031782_tooth.png,3,11.7134,70.1238
26031782_tooth.png,4,11.8184,71.2481
26031782_tooth.png,5,11.8723,72.3512
26031782_tooth.png,6,11.8782,73.4345
26031782_tooth.png,7,11.8387,74.4990
26031782_tooth.png,8,11.7569,75.5459
26031782_tooth.png,9,11.6356,76.5764
26031782_tooth.png,10,11.4775,77.5918
26031782_tooth.png,11,11.2858,78.5932
26031782_tooth.png,12,11.0630,79.5818
26031782_tooth.png,13,10.8123,80.5587
26031782_tooth.png,14,10.5364,81.5253
26031782_tooth.png,15,10.2381,82.4825
26031782_tooth.png,16,9.9204,83.4318
26031782_tooth.png,17,9.5862,84.3741
26031782_tooth.png,18,9.2383,85.3108
26031782_tooth.png,19,8.8795,86.2431
26031782_tooth.png,20,8.5128,87.1720
26031782_tooth.png,21,8.1409,88.0988
26031782_tooth.png,22,7.7669,89.0247
26031782_tooth.png,23,7.3935,89.9508
26031782_tooth.png,24,7.0236,90.8785
26031782_tooth.png,25,6.6601,91.8087
26031782_tooth.png,26,6.3059,92.7428
26031782_tooth.png,27,5.9638,93.6819
26031782_tooth.png,28,5.6367,94.6273
26031782_tooth.png,29,5.3275,95.5800
26031782_tooth.png,30,5.0390,96.5413
26031782_tooth.png,31,4.7741,97.5124
26031782_tooth.png,32,4.5356,98.4945
26031782_tooth.png,33,4.3265,99.4887
26031782_tooth.png,34,4.1497,100.4962
26031782_tooth.png,35,4.0079,101.5183
26031782_tooth.png,36,3.9040,102.5561
26031782_tooth.png,37,3.8410,103.6109
26031782_tooth.png,38,3.8217,104.6837
26031782_tooth.png,39,3.8489,105.7758
26031782_tooth.png,40,3.9256,106.8884
26031782_tooth.png,41,4.0546,108.0226
26031826_tooth.png,0,26.0248,20.0103
26031826_tooth.png,1,25.1402,20.7819
26031826_tooth.png,2,24.4235,21.6231
26031826_tooth.png,3,23.8622,22.5287
26031826_tooth.png,4,23.4438,23.4935
26031826_tooth.png,5,23.1557,24.5122
26031826_tooth.png,6,22.9855,25.5798
26031826_tooth.png,7,22.9206,26.6910
26031826_tooth.png,8,22.9485,27.8406
26031826_tooth.png,9,23.0566,29.0235
26040182_tooth.png,0,9.8445,14.0644
26040182_tooth.png,1,10.0006,15.0458
26040182_tooth.png,2,10.1473,16.0310
26040182_tooth.png,3,10.2854,17.0199
26040182_tooth.png,4,10.4153,18.0121
26040182_tooth.png,5,10.5377,19.0074
26040182_tooth.png,6,10.6531,20.0056
26040182_tooth.png,7,10.7622,21.0065
26040182_tooth.png,8,10.8655,22.0097
26040182_tooth.png,9,10.9636,23.0151
26040182_tooth.png,10,11.0572,24.0223
26040182_tooth.png,11,11.1468,25.0313
26040182_tooth.png,12,11.2329,26.0416
26040182_tooth.png,13,11.3162,27.0531
26040182_tooth.png,14,11.3973,28.0656
26040182_tooth.png,15,11.4767,29.0787
26040182_tooth.png,16,11.5551,30.0922
26040182_tooth.png,17,11.6330,31.1060
26040182_tooth.png,18,11.7110,32.1197
26040182_tooth.png,19,11.7897,33.1331
26040182_tooth.png,20,11.8698,34.1460
26040182_tooth.png,21,11.9517,35.1581
26040182_tooth.png,22,12.0360,36.1692
26040182_tooth.png,23,12.1235,37.1790
26040182_tooth.png,24,12.2145,38.1873
26040182_tooth.png,25,12.3098,39.1938
26040182_tooth.png,26,12.4100,40.1984
26040182_tooth.png,27,12.5155,41.2007
26040832_tooth.png,0,34.9609,171.1230
26040832_tooth.png,1,35.1075,172.1017
26040832_tooth.png,2,35.2386,173.0912
26040832_tooth.png,3,35.3551,174.0908
26040832_tooth.png,4,35.4582,175.0999
26040832_tooth.png,5,35.5489,176.1178
26040832_tooth.png,6,35.6283,177.1439
26040832_tooth.png,7,35.6976,178.1773
26040832_tooth.png,8,35.7579,179.2176
26040832_tooth.png,9,35.8102,180.2639
26040832_tooth.png,10,35.8556,181.3156
26040832_tooth.png,11,35.8952,182.3721
26040832_tooth.png,12,35.9301,183.4326
26040832_tooth.png,13,35.9615,184.4965
26040832_tooth.png,14,35.9904,185.5631
26040832_tooth.png,15,36.0179,186.6318
26040832_tooth.png,16,36.0451,187.7018
26040832_tooth.png,17,36.0731,188.7724
26040832_tooth.png,18,36.1030,189.8431
26040832_tooth.png,19,36.1360,190.9131
26040832_tooth.png,20,36.1730,191.9817
26040832_tooth.png,21,36.2152,193.0483
26040832_tooth.png,22,36.2637,194.1121
26040832_tooth.png,23,36.3195,195.1726
26040832_tooth.png,24,36.3839,196.2290
26040832_tooth.png,25,36.4578,197.2807
26040832_tooth.png,26,36.5425,198.3269
26040832_tooth.png,27,36.6388,199.3671
26040832_tooth.png,28,36.7481,200.4005
26040832_tooth.png,29,36.8713,201.4264
26040832_tooth.png,30,37.0096,202.4442
26040832_tooth.png,31,37.1640,203.4532
26040832_tooth.png,32,37.3357,204.4527
26040832_tooth.png,33,37.5257,205.4421
26040832_tooth.png,34,37.7352,206.4206
26040832_tooth.png,35,37.9652,207.3876
26040832_tooth.png,36,38.2169,208.3424
26040832_tooth.png,37,38.4913,209.2844
26040832_tooth.png,38,38.7895,210.2128
26040832_tooth.png,39,39.1127,211.1270
26040832_tooth.png,40,39.4619,212.0263
26040832_tooth.png,41,39.8382,212.9100
26040832_tooth.png,42,40.2427,213.7775
26040832_tooth.png,43,40.6766,214.6280
26040832_tooth.png,44,41.1408,215.4610
26040832_tooth.png,45,41.6366,216.2756
26040832_tooth.png,46,42.1649,217.0713
26040832_tooth.png,47,42.7270,217.8474
26040832_tooth.png,48,43.3239,218.6031
26040832_tooth.png,49,43.9566,219.3379
26040832_tooth.png,50,44.6264,220.0510
26040832_tooth.png,51,45.3342,220.7417
26041073_tooth.png,0,40.0631,28.2503
26041073_tooth.png,1,39.7986,29.1984
26041073_tooth.png,2,39.5561,30.1497
26041073_tooth.png,3,39.3347,31.1039
26041073_tooth.png,4,39.1339,32.0611
26041073_tooth.png,5,38.9531,33.0212
26041073_tooth.png,6,38.7914,33.9840
26041073_tooth.png,7,38.6484,34.9496
26041073_tooth.png,8,38.5233,35.9178
26041073_tooth.png,9,38.4154,36.8885
26041073_tooth.png,10,38.3240,37.8616
26041073_tooth.png,11,38.2486,38.8372
26041073_tooth.png,12,38.1884,39.8150
26041073_tooth.png,13,38.1428,40.7951
26041073_tooth.png,14,38.1111,41.7773
26041073_tooth.png,15,38.0927,42.7616
26041073_tooth.png,16,38.0868,43.7478
26041073_tooth.png,17,38.0928,44.7359
26041073_tooth.png,18,38.1100,45.7259
26041073_tooth.png,19,38.1378,46.7176
26041073_tooth.png,20,38.1755,47.7109
26041073_tooth.png,21,38.2225,48.7058
26041073_tooth.png,22,38.2780,49.7022
26041073_tooth.png,23,38.3414,50.7001
26041073_tooth.png,24,38.4121,51.6992
26041073_tooth.png,25,38.4893,52.6996
26041073_tooth.png,26,38.5724,53.7012
26041073_tooth.png,27,38.6608,54.7039
26041073_tooth.png,28,38.7537,55.7075
26041073_tooth.png,29,38.8505,56.7121
26041073_tooth.png,30,38.9505,57.7176
26041073_tooth.png,31,39.0531,58.7238
26041073_tooth.png,32,39.1576,59.7307
26041073_tooth.png,33,39.2633,60.7382
26041073_tooth.png,34,39.3696,61.7463
26041073_tooth.png,35,39.4758,62.7548
26041073_tooth.png,36,39.5812,63.7636
26041073_tooth.png,37,39.6852,64.7728
26041073_tooth.png,38,39.7870,65.7821
26041073_tooth.png,39,39.8861,66.7916
26041073_tooth.png,40,39.9817,67.8011
26041073_tooth.png,41,40.0733,68.8106
26041073_tooth.png,42,40.1600,69.8199
26041073_tooth.png,43,40.2413,70.8291
26041073_tooth.png,44,40.3165,71.8380
26041073_tooth.png,45,40.3850,72.8465
26041073_tooth.png,46,40.4460,73.8546
26041073_tooth.png,47,40.4988,74.8622
26041073_tooth.png,48,40.5429,75.8691
26041073_tooth.png,49,40.5776,76.8754
26041073_tooth.png,50,40.6021,77.8810
26041073_tooth.png,51,40.6158,78.8856
26041073_tooth.png,52,40.6181,79.8894
26041073_tooth.png,53,40.6083,80.8921
26041073_tooth.png,54,40.5857,81.8938
26041073_tooth.png,55,40.5497,82.8943
26041073_tooth.png,56,40.4995,83.8936
26041073_tooth.png,57,40.4346,84.8915
26041073_tooth.png,58,40.3542,85.8881
26041073_tooth.png,59,40.2577,86.8831
26041073_tooth.png,60,40.1444,87.8766
26041073_tooth.png,61,40.0136,88.8684
26041073_tooth.png,62,39.8647,89.8585
26041073_tooth.png,63,39.6971,90.8468
26041073_tooth.png,64,39.5100,91.8332
26041073_tooth.png,65,39.3027,92.8177
26041073_tooth.png,66,39.0747,93.8000
26041073_tooth.png,67,38.8253,94.7803
26041073_tooth.png,68,38.5537,95.7583
26041073_tooth.png,69,38.2593,96.7341
26041073_tooth.png,70,37.9414,97.7075
26041073_tooth.png,71,37.5995,98.6784
26041073_tooth.png,72,37.2327,99.6468
26041241_tooth.png,0,21.3413,57.0480
26041241_tooth.png,1,21.1060,58.0431
26041241_tooth.png,2,20.8994,59.0424
26041241_tooth.png,3,20.7198,60.0454
26041241_tooth.png,4,20.5654,61.0514
26041241_tooth.png,5,20.4345,62.0600
26041241_tooth.png,6,20.3253,63.0706
26041241_tooth.png,7,20.2362,64.0826
26041241_tooth.png,8,20.1652,65.0955
26041241_tooth.png,9,20.1108,66.1088
26041241_tooth.png,10,20.0711,67.1219
26041241_tooth.png,11,20.0444,68.1343
26041241_tooth.png,12,20.0290,69.1453
26041241_tooth.png,13,20.0231,70.1546
26041241_tooth.png,14,20.0250,71.1614
26041241_tooth.png,15,20.0329,72.1654
26041241_tooth.png,16,20.0451,73.1658
26041241_tooth.png,17,20.0598,74.1623
26041241_tooth.png,18,20.0753,75.1542
26041241_tooth.png,19,20.0899,76.1410
26041241_tooth.png,20,20.1018,77.1221
26041241_tooth.png,21,20.1092,78.0970
26041241_tooth.png,22,20.1104,79.0651
26041241_tooth.png,23,20.1037,80.0260
26041241_tooth.png,24,20.0873,80.9790
26041241_tooth.png,25,20.0595,81.9236
26041241_tooth.png,26,20.0185,82.8593
26041241_tooth.png,27,19.9626,83.7855
26041293_tooth.png,0,19.8069,100.2706
26041293_tooth.png,1,19.9357,101.2135
26041293_tooth.png,2,20.0657,102.1676
26041293_tooth.png,3,20.1976,103.1319
26041293_tooth.png,4,20.3323,104.1057
26041293_tooth.png,5,20.4704,105.0878
26041293_tooth.png,6,20.6126,106.0774
26041293_tooth.png,7,20.7597,107.0736
26041293_tooth.png,8,20.9124,108.0753
26041293_tooth.png,9,21.0715,109.0818
26041293_tooth.png,10,21.2376,110.0920
26041293_tooth.png,11,21.4114,111.1049
26041293_tooth.png,12,21.5938,112.1198
26041293_tooth.png,13,21.7853,113.1356
26041293_tooth.png,14,21.9869,114.1515
26041293_tooth.png,15,22.1991,115.1664
26041293_tooth.png,16,22.4226,116.1794
26041293_tooth.png,17,22.6583,117.1897
26041293_tooth.png,18,22.9069,118.1962
26041293_tooth.png,19,23.1690,119.1981
26041293_tooth.png,20,23.4454,120.1944
26041293_tooth.png,21,23.7368,121.1842
26041293_tooth.png,22,24.0440,122.1665
26041293_tooth.png,23,24.3676,123.1405
26041293_tooth.png,24,24.7084,124.1051
26041293_tooth.png,25,25.0671,125.0595
26041293_tooth.png,26,25.4445,126.0027
26041293_tooth.png,27,25.8412,126.9338
26041293_tooth.png,28,26.2581,127.8518
26041293_tooth.png,29,26.6957,128.7559
26041293_tooth.png,30,27.1548,129.6450
26041293_tooth.png,31,27.6363,130.5183
26041293_tooth.png,32,28.1407,131.3748
26041293_tooth.png,33,28.6688,132.2136
26041293_tooth.png,34,29.2213,133.0337
26041293_tooth.png,35,29.7990,133.8343
26041293_tooth.png,36,30.4026,134.6144
26041394_tooth.png,0,36.6954,22.8461
26041394_tooth.png,1,35.9575,22.8396
26041394_tooth.png,2,35.2726,22.9083
26041394_tooth.png,3,34.6388,23.0498
26041394_tooth.png,4,34.0545,23.2615
26041394_tooth.png,5,33.5178,23.5411
26041394_tooth.png,6,33.0272,23.8860
26041394_tooth.png,7,32.5808,24.2937
26041394_tooth.png,8,32.1770,24.7617
26041394_tooth.png,9,31.8139,25.2876
26041394_tooth.png,10,31.4898,25.8689
26041394_tooth.png,11,31.2031,26.5030
26041394_tooth.png,12,30.9520,27.1875
26041394_tooth.png,13,30.7347,27.9200
26041394_tooth.png,14,30.5495,28.6978
26041394_tooth.png,15,30.3947,29.5186
26041394_tooth.png,16,30.2686,30.3799
26041394_tooth.png,17,30.1693,31.2791
26041394_tooth.png,18,30.0953,32.2138
26041394_tooth.png,19,30.0447,33.1815
26041394_tooth.png,20,30.0158,34.1797
26041394_tooth.png,21,30.0069,35.2059
26041394_tooth.png,22,30.0162,36.2576
26041394_tooth.png,23,30.0421,37.3324
26041394_tooth.png,24,30.0827,38.4278
26041394_tooth.png,25,30.1364,39.5412
26041394_tooth.png,26,30.2014,40.6702
26041394_tooth.png,27,30.2760,41.8123
26041394_tooth.png,28,30.3585,42.9651
26041394_tooth.png,29,30.4470,44.1259
26041394_tooth.png,30,30.5400,45.2924
26041394_tooth.png,31,30.6356,46.4621
26041394_tooth.png,32,30.7321,47.6325
26041394_tooth.png,33,30.8278,48.8010
26041394_tooth.png,34,30.9209,49.9652
26041394_tooth.png,35,31.0098,51.1227
26041394_tooth.png,36,31.0926,52.2708
26041394_tooth.png,37,31.1677,53.4072
26041394_tooth.png,38,31.2333,54.5294
26041394_tooth.png,39,31.2877,55.6349
26041394_tooth.png,40,31.3292,56.7211
26041394_tooth.png,41,31.3559,57.7856
26041394_tooth.png,42,31.3663,58.8259
26041394_tooth.png,43,31.3585,59.8396
26041394_tooth.png,44,31.3308,60.8241
26041394_tooth.png,45,31.2815,61.7770
26041394_tooth.png,46,31.2088,62.6957
26041394_tooth.png,47,31.1111,63.5778
26041394_tooth.png,48,30.9865,64.4208
26041394_tooth.png,49,30.8334,65.2222
26041394_tooth.png,50,30.6501,65.9795
26041394_tooth.png,51,30.4347,66.6903
26041394_tooth.png,52,30.1855,67.3520
26041394_tooth.png,53,29.9009,67.9622
26041394_tooth.png,54,29.5791,68.5183
26041394_tooth.png,55,29.2183,69.0180
26041394_tooth.png,56,28.8168,69.4586
26041442_tooth.png,0,43.3715,101.2221
26041442_tooth.png,1,43.6120,102.2393
26041442_tooth.png,2,43.8331,103.2561
26041442_tooth.png,3,44.0352,104.2726
26041442_tooth.png,4,44.2191,105.2887
26041442_tooth.png,5,44.3853,106.3044
26041442_tooth.png,6,44.5345,107.3198
26041442_tooth.png,7,44.6671,108.3347
26041442_tooth.png,8,44.7839,109.3491
26041442_tooth.png,9,44.8854,110.3631
26041442_tooth.png,10,44.9722,111.3767
26041442_tooth.png,11,45.0450,112.3897
26041442_tooth.png,12,45.1043,113.4022
26041442_tooth.png,13,45.1508,114.4143
26041442_tooth.png,14,45.1850,115.4258
26041442_tooth.png,15,45.2076,116.4367
26041442_tooth.png,16,45.2191,117.4470
26041442_tooth.png,17,45.2201,118.4568
26041442_tooth.png,18,45.2113,119.4660
26041442_tooth.png,19,45.1933,120.4745
26041442_tooth.png,20,45.1666,121.4824
26041442_tooth.png,21,45.1319,122.4897
26041442_tooth.png,22,45.0898,123.4962
26041442_tooth.png,23,45.0408,124.5021
26041442_tooth.png,24,44.9856,125.5073
26041442_tooth.png,25,44.9248,126.5117
26041442_tooth.png,26,44.8589,127.5155
26041442_tooth.png,27,44.7886,128.5184
26041442_tooth.png,28,44.7145,129.5206
26041442_tooth.png,29,44.6372,130.5220
26041442_tooth.png,30,44.5573,131.5226
26041442_tooth.png,31,44.4754,132.5224
26041442_tooth.png,32,44.3921,133.5213
26041442_tooth.png,33,44.3079,134.5194
26041442_tooth.png,34,44.2236,135.5166
26041442_tooth.png,35,44.1397,136.5129
26041442_tooth.png,36,44.0567,137.5083
26041442_tooth.png,37,43.9754,138.5027
26041442_tooth.png,38,43.8963,139.4963
26041442_tooth.png,39,43.8200,140.4889
26041442_tooth.png,40,43.7471,141.4805
26041442_tooth.png,41,43.6783,142.4711
26041442_tooth.png,42,43.6140,143.4607
26041442_tooth.png,43,43.5550,144.4492
26041442_tooth.png,44,43.5018,145.4368
26041442_tooth.png,45,43.4551,146.4233
26041442_tooth.png,46,43.4153,147.4087
26041442_tooth.png,47,43.3833,148.3930
26041442_tooth.png,48,43.3594,149.3762
26041442_tooth.png,49,43.3444,150.3583
26041442_tooth.png,50,43.3388,151.3392
26041442_tooth.png,51,43.3433,152.3190
26041442_tooth.png,52,43.3584,153.2976
26041442_tooth.png,53,43.3848,154.2750
26041442_tooth.png,54,43.4230,155.2512
26041442_tooth.png,55,43.4737,156.2261
26041442_tooth.png,56,43.5374,157.1999
26041442_tooth.png,57,43.6149,158.1723
26041442_tooth.png,58,43.7065,159.1435
26041442_tooth.png,59,43.8131,160.1134
26041442_tooth.png,60,43.9351,161.0820
26041442_tooth.png,61,44.0732,162.0493
26041442_tooth.png,62,44.2279,163.0152
26041442_tooth.png,63,44.4000,163.9798
26041442_tooth.png,64,44.5899,164.9430
26041442_tooth.png,65,44.7983,165.9047
26041442_tooth.png,66,45.0258,166.8651
26041442_tooth.png,67,45.2730,167.8241
26041442_tooth.png,68,45.5405,168.7816
26041442_tooth.png,69,45.8288,169.7376
26041442_tooth.png,70,46.1387,170.6922
26041442_tooth.png,71,46.4707,171.6453
26041442_tooth.png,72,46.8254,172.5968
26041442_tooth.png,73,47.2033,173.5469
26041442_tooth.png,74,47.6052,174.4953
26041442_tooth.png,75,48.0316,175.4423
26041442_tooth.png,76,48.4831,176.3876
26041442_tooth.png,77,48.9604,177.3314
26041442_tooth.png,78,49.4639,178.2735
26041442_tooth.png,79,49.9944,179.2140
26041442_tooth.png,80,50.5524,180.1529
26041442_tooth.png,81,51.1386,181.0901
26041442_tooth.png,82,51.7534,182.0256
26041442_tooth.png,83,52.3976,182.9594
26041442_tooth.png,84,53.0718,183.8916
26041442_tooth.png,85,53.7764,184.8219
26050235_tooth.png,0,44.5148,46.4228
26050235_tooth.png,1,44.7054,47.4544
26050235_tooth.png,2,44.8748,48.4824
26050235_tooth.png,3,45.0233,49.5068
26050235_tooth.png,4,45.1516,50.5279
26050235_tooth.png,5,45.2602,51.5457
26050235_tooth.png,6,45.3496,52.5603
26050235_tooth.png,7,45.4203,53.5719
26050235_tooth.png,8,45.4729,54.5805
26050235_tooth.png,9,45.5079,55.5863
26050235_tooth.png,10,45.5258,56.5893
26050235_tooth.png,11,45.5272,57.5897
26050235_tooth.png,12,45.5125,58.5877
26050235_tooth.png,13,45.4823,59.5832
26050235_tooth.png,14,45.4371,60.5765
26050235_tooth.png,15,45.3775,61.5675
26050235_tooth.png,16,45.3040,62.5565
26050235_tooth.png,17,45.2170,63.5436
26050235_tooth.png,18,45.1172,64.5288
26050235_tooth.png,19,45.0051,65.5123
26050235_tooth.png,20,44.8811,66.4942
26050235_tooth.png,21,44.7459,67.4746
26050235_tooth.png,22,44.5998,68.4536
26050235_tooth.png,23,44.4436,69.4313
26050235_tooth.png,24,44.2776,70.4078
26050235_tooth.png,25,44.1025,71.3833
26050235_tooth.png,26,43.9187,72.3578
26050235_tooth.png,27,43.7268,73.3314
26050235_tooth.png,28,43.5272,74.3044
26050235_tooth.png,29,43.3206,75.2767
26050235_tooth.png,30,43.1075,76.2485
26050235_tooth.png,31,42.8883,77.2200
26050235_tooth.png,32,42.6636,78.1911
26050235_tooth.png,33,42.4340,79.1621
26050235_tooth.png,34,42.1999,80.1330
26050235_tooth.png,35,41.9619,81.1039
26050235_tooth.png,36,41.7205,82.0750
26050235_tooth.png,37,41.4763,83.0464
26050235_tooth.png,38,41.2297,84.0182
26050235_tooth.png,39,40.9813,84.9905
26050235_tooth.png,40,40.7317,85.9633
26050235_tooth.png,41,40.4813,86.9369
26050235_tooth.png,42,40.2306,87.9113
26050235_tooth.png,43,39.9803,88.8866
26050235_tooth.png,44,39.7307,89.8630
26050235_tooth.png,45,39.4826,90.8406
26050235_tooth.png,46,39.2363,91.8194
26050235_tooth.png,47,38.9924,92.7996
26050235_tooth.png,48,38.7515,93.7813
26050235_tooth.png,49,38.5140,94.7646
26050235_tooth.png,50,38.2805,95.7496
26050235_tooth.png,51,38.0515,96.7364
26050235_tooth.png,52,37.8276,97.7252
26050235_tooth.png,53,37.6092,98.7160
26050235_tooth.png,54,37.3969,99.7090
26050235_tooth.png,55,37.1913,100.7042
26050235_tooth.png,56,36.9928,101.7019
26050235_tooth.png,57,36.8019,102.7020
26050235_tooth.png,58,36.6193,103.7047
26050235_tooth.png,59,36.4454,104.7101
26050235_tooth.png,60,36.2807,105.7184
26050235_tooth.png,61,36.1259,106.7296
26050235_tooth.png,62,35.9813,107.7438
26050235_tooth.png,63,35.8476,108.7612
26050235_tooth.png,64,35.7252,109.7819
26050235_tooth.png,65,35.6148,110.8059
26050235_tooth.png,66,35.5167,111.8335
26050235_tooth.png,67,35.4316,112.8646
26050235_tooth.png,68,35.3600,113.8995
26050235_tooth.png,69,35.3023,114.9381
26050235_tooth.png,70,35.2592,115.9808
26050235_tooth.png,71,35.2311,117.0274
26050235_tooth.png,72,35.2186,118.0782
26050235_tooth.png,73,35.2222,119.1333
26050235_tooth.png,74,35.2425,120.1928
26050235_tooth.png,75,35.2799,121.2567
26050235_tooth.png,76,35.3349,122.3253
26050235_tooth.png,77,35.4082,123.3985
26050235_tooth.png,78,35.5003,124.4766
26050235_tooth.png,79,35.6115,125.5596
26050235_tooth.png,80,35.7426,126.6477
26050235_tooth.png,81,35.8940,127.7409
26050235_tooth.png,82,36.0663,128.8394
26050235_tooth.png,83,36.2599,129.9433
26050235_tooth.png,84,36.4754,131.0527
26050235_tooth.png,85,36.7133,132.1676
26050235_tooth.png,86,36.9742,133.2883
26050330_tooth.png,0,40.1562,15.7612
26050330_tooth.png,1,40.5026,16.5050
26050330_tooth.png,2,40.8402,17.2556
26050330_tooth.png,3,41.1689,18.0131
26050330_tooth.png,4,41.4889,18.7773
26050330_tooth.png,5,41.8001,19.5482
26050330_tooth.png,6,42.1027,20.3257
26050330_tooth.png,7,42.3966,21.1097
26050330_tooth.png,8,42.6819,21.9002
26050330_tooth.png,9,42.9587,22.6971
26050330_tooth.png,10,43.2270,23.5003
26050330_tooth.png,11,43.4867,24.3097
26050330_tooth.png,12,43.7381,25.1252
26050330_tooth.png,13,43.9811,25.9469
26050330_tooth.png,14,44.2157,26.7746
26050330_tooth.png,15,44.4420,27.6082
26050330_tooth.png,16,44.6601,28.4477
26050330_tooth.png,17,44.8699,29.2930
26050330_tooth.png,18,45.0716,30.1440
26050330_tooth.png,19,45.2652,31.0007
26050330_tooth.png,20,45.4506,31.8629
26050330_tooth.png,21,45.6281,32.7306
26050330_tooth.png,22,45.7975,33.6038
26050330_tooth.png,23,45.9589,34.4823
26050330_tooth.png,24,46.1125,35.3661
26050330_tooth.png,25,46.2582,36.2551
26050330_tooth.png,26,46.3960,37.1493
26050330_tooth.png,27,46.5261,38.0485
26050330_tooth.png,28,46.6484,38.9527
26050330_tooth.png,29,46.7631,39.8618
26050330_tooth.png,30,46.8700,40.7758
26050330_tooth.png,31,46.9694,41.6945
26050330_tooth.png,32,47.0612,42.6180
26050330_tooth.png,33,47.1454,43.5460
26050330_tooth.png,34,47.2222,44.4786
26050330_tooth.png,35,47.2915,45.4157
26050330_tooth.png,36,47.3535,46.3572
26050330_tooth.png,37,47.4080,47.3030
26050330_tooth.png,38,47.4553,48.2531
26050330_tooth.png,39,47.4953,49.2074
26050330_tooth.png,40,47.5280,50.1657
26050330_tooth.png,41,47.5536,51.1281
26050330_tooth.png,42,47.5720,52.0945
26050330_tooth.png,43,47.5833,53.0648
26050330_tooth.png,44,47.5876,54.0389
26050330_tooth.png,45,47.5849,55.0167
26050330_tooth.png,46,47.5752,55.9982
26050330_tooth.png,47,47.5585,56.9833
26050330_tooth.png,48,47.5350,57.9719
26050330_tooth.png,49,47.5046,58.9640
26050330_tooth.png,50,47.4674,59.9594
26050330_tooth.png,51,47.4235,60.9582
26050330_tooth.png,52,47.3729,61.9602
26050330_tooth.png,53,47.3155,62.9653
26050330_tooth.png,54,47.2516,63.9735
26050330_tooth.png,55,47.1811,64.9848
26050330_tooth.png,56,47.1040,65.9989
26050330_tooth.png,57,47.0204,67.0160
26050330_tooth.png,58,46.9304,68.0358
26050330_tooth.png,59,46.8339,69.0584
26050330_tooth.png,60,46.7311,70.0836
26050330_tooth.png,61,46.6220,71.1113
26050330_tooth.png,62,46.5065,72.1416
26050330_tooth.png,63,46.3849,73.1743
26050330_tooth.png,64,46.2570,74.2094
26050330_tooth.png,65,46.1229,75.2467
26050330_tooth.png,66,45.9828,76.2862
26050330_tooth.png,67,45.8366,77.3279
26050330_tooth.png,68,45.6843,78.3716
26050330_tooth.png,69,45.5261,79.4173
26050330_tooth.png,70,45.3619,80.4649
26050330_tooth.png,71,45.1918,81.5144
26050330_tooth.png,72,45.0159,82.5656
26050330_tooth.png,73,44.8341,83.6185
26050330_tooth.png,74,44.6466,84.6731
26050330_tooth.png,75,44.4534,85.7291
26050330_tooth.png,76,44.2544,86.7867
26050330_tooth.png,77,44.0498,87.8457
26050330_tooth.png,78,43.8396,88.9059
26050586_tooth.png,0,53.0475,101.1464
26050586_tooth.png,1,53.0798,102.1544
26050586_tooth.png,2,53.0230,103.1700
26050586_tooth.png,3,52.8909,104.1915
26050586_tooth.png,4,52.6973,105.2176
26050586_tooth.png,5,52.4560,106.2465
26050586_tooth.png,6,52.1810,107.2768
26050586_tooth.png,7,51.8861,108.3070
26050586_tooth.png,8,51.5850,109.3354
26050586_tooth.png,9,51.2917,110.3607
26050586_tooth.png,10,51.0200,111.3812
26050586_tooth.png,11,50.7837,112.3954
26050586_tooth.png,12,50.5967,113.4017
26050586_tooth.png,13,50.4727,114.3987
26050586_tooth.png,14,50.4258,115.3847
26050586_tooth.png,15,50.4696,116.3583
26050586_tooth.png,16,50.6181,117.3179
26050586_tooth.png,17,50.8851,118.2620
26050586_tooth.png,18,51.2844,119.1890
26050586_tooth.png,19,51.8298,120.0975
26061142_tooth.png,0,43.5190,72.7592
26061142_tooth.png,1,43.9861,73.6168
26061142_tooth.png,2,44.4851,74.4792
26061142_tooth.png,3,45.0133,75.3459
26061142_tooth.png,4,45.5683,76.2169
26061142_tooth.png,5,46.1475,77.0917
26061142_tooth.png,6,46.7484,77.9702
26061142_tooth.png,7,47.3685,78.8520
26061142_tooth.png,8,48.0053,79.7370
26061142_tooth.png,9,48.6561,80.6248
26061142_tooth.png,10,49.3187,81.5152
26061142_tooth.png,11,49.9902,82.4078
26061142_tooth.png,12,50.6684,83.3025
26061142_tooth.png,13,51.3506,84.1990
26061142_tooth.png,14,52.0343,85.0970
26061142_tooth.png,15,52.7170,85.9962
26061142_tooth.png,16,53.3961,86.8964
26061142_tooth.png,17,54.0692,87.7972
26061142_tooth.png,18,54.7337,88.6986
26061142_tooth.png,19,55.3871,89.6000
26061142_tooth.png,20,56.0268,90.5014
26061142_tooth.png,21,56.6504,91.4024
26061142_tooth.png,22,57.2553,92.3028
26061142_tooth.png,23,57.8390,93.2023
26061142_tooth.png,24,58.3990,94.1006
26061142_tooth.png,25,58.9327,94.9975
26061142_tooth.png,26,59.4376,95.8927
26061142_tooth.png,27,59.9113,96.7859
26061142_tooth.png,28,60.3511,97.6769
26061142_tooth.png,29,60.7545,98.5653
26061142_tooth.png,30,61.1190,99.4510
26061142_tooth.png,31,61.4422,100.3337
26061142_tooth.png,32,61.7214,101.2131
26061142_tooth.png,33,61.9542,102.0889
26061142_tooth.png,34,62.1380,102.9608
26061142_tooth.png,35,62.2724,103.8288
26061142_tooth.png,36,62.3582,104.6925
26061142_tooth.png,37,62.3962,105.5521
26061142_tooth.png,38,62.3875,106.4072
26061142_tooth.png,39,62.3329,107.2578
26061142_tooth.png,40,62.2333,108.1038
26061142_tooth.png,41,62.0898,108.9450
26061142_tooth.png,42,61.9031,109.7813
26061142_tooth.png,43,61.6742,110.6126
26061142_tooth.png,44,61.4041,111.4387
26061142_tooth.png,45,61.0937,112.2596
26061142_tooth.png,46,60.7439,113.0751
26061142_tooth.png,47,60.3556,113.8851
26061142_tooth.png,48,59.9297,114.6895
26061142_tooth.png,49,59.4671,115.4881
26061142_tooth.png,50,58.9689,116.2809
26061142_tooth.png,51,58.4358,117.0676
26061142_tooth.png,52,57.8689,117.8482
26061142_tooth.png,53,57.2690,118.6226
26061142_tooth.png,54,56.6371,119.3905
26061142_tooth.png,55,55.9741,120.1520
26061142_tooth.png,56,55.2808,120.9069
26061142_tooth.png,57,54.5584,121.6550
26061142_tooth.png,58,53.8075,122.3963
26061142_tooth.png,59,53.0293,123.1305
26061142_tooth.png,60,52.2245,123.8577
26061142_tooth.png,61,51.3942,124.5776
26061142_tooth.png,62,50.5392,125.2901
26061142_tooth.png,63,49.6605,125.9952
26061142_tooth.png,64,48.7590,126.6926
26070571_tooth.png,0,40.8920,11.4068
26070571_tooth.png,1,40.9808,12.4929
26070571_tooth.png,2,41.0600,13.5749
26070571_tooth.png,3,41.1299,14.6530
26070571_tooth.png,4,41.1908,15.7272
26070571_tooth.png,5,41.2427,16.7976
26070571_tooth.png,6,41.2860,17.8644
26070571_tooth.png,7,41.3209,18.9274
26070571_tooth.png,8,41.3477,19.9869
26070571_tooth.png,9,41.3665,21.0429
26070571_tooth.png,10,41.3776,22.0954
26070571_tooth.png,11,41.3813,23.1446
26070571_tooth.png,12,41.3777,24.1905
26070571_tooth.png,13,41.3672,25.2332
26070571_tooth.png,14,41.3499,26.2728
26070571_tooth.png,15,41.3261,27.3093
26070571_tooth.png,16,41.2960,28.3428
26070571_tooth.png,17,41.2599,29.3733
26070571_tooth.png,18,41.2179,30.4011
26070571_tooth.png,19,41.1704,31.4260
26070571_tooth.png,20,41.1175,32.4483
26070571_tooth.png,21,41.0596,33.4679
26070571_tooth.png,22,40.9967,34.4850
26070571_tooth.png,23,40.9293,35.4996
26070571_tooth.png,24,40.8574,36.5118
26070571_tooth.png,25,40.7814,37.5217
26070571_tooth.png,26,40.7014,38.5293
26070571_tooth.png,27,40.6178,39.5347
26070571_tooth.png,28,40.5307,40.5380
26070571_tooth.png,29,40.4404,41.5392
26070571_tooth.png,30,40.3471,42.5385
26070571_tooth.png,31,40.2510,43.5359
26070571_tooth.png,32,40.1524,44.5314
26070571_tooth.png,33,40.0516,45.5252
26070571_tooth.png,34,39.9487,46.5174
26070571_tooth.png,35,39.8439,47.5079
26070571_tooth.png,36,39.7377,48.4969
26070571_tooth.png,37,39.6300,49.4844
26070571_tooth.png,38,39.5213,50.4706
26070571_tooth.png,39,39.4117,51.4554
26070571_tooth.png,40,39.3015,52.4390
26070571_tooth.png,41,39.1908,53.4215
26070571_tooth.png,42,39.0800,54.4028
26070571_tooth.png,43,38.9693,55.3831
26070571_tooth.png,44,38.8589,56.3625
26070571_tooth.png,45,38.7490,57.3410
26070571_tooth.png,46,38.6399,58.3187
26070571_tooth.png,47,38.5318,59.2957
26070571_tooth.png,48,38.4250,60.2720
26070571_tooth.png,49,38.3197,61.2477
26070571_tooth.png,50,38.2160,62.2229
26070571_tooth.png,51,38.1144,63.1977
26070571_tooth.png,52,38.0149,64.1722
26070571_tooth.png,53,37.9178,65.1463
26070571_tooth.png,54,37.8234,66.1202
26070571_tooth.png,55,37.7319,67.0940
26070571_tooth.png,56,37.6435,68.0677
26070571_tooth.png,57,37.5585,69.0414
26070571_tooth.png,58,37.4771,70.0152
26070571_tooth.png,59,37.3996,70.9891
26070571_tooth.png,60,37.3261,71.9633
26070571_tooth.png,61,37.2569,72.9377
26070571_tooth.png,62,37.1922,73.9125
26070571_tooth.png,63,37.1324,74.8878
26070571_tooth.png,64,37.0775,75.8636
26070571_tooth.png,65,37.0279,76.8399
26070571_tooth.png,66,36.9838,77.8169
26070571_tooth.png,67,36.9454,78.7947
26070571_tooth.png,68,36.9129,79.7732
26070571_tooth.png,69,36.8867,80.7527
26070571_tooth.png,70,36.8668,81.7331
26070571_tooth.png,71,36.8537,82.7145
26070571_tooth.png,72,36.8474,83.6970
26070571_tooth.png,73,36.8482,84.6807
26070571_tooth.png,74,36.8564,85.6656
26070571_tooth.png,75,36.8723,86.6518
26070571_tooth.png,76,36.8959,87.6395
26070571_tooth.png,77,36.9277,88.6286
26070571_tooth.png,78,36.9677,89.6192
26070571_tooth.png,79,37.0163,90.6114
26070571_tooth.png,80,37.0736,91.6054
26070571_tooth.png,81,37.1400,92.6010
26070571_tooth.png,82,37.2156,93.5985
26070571_tooth.png,83,37.3007,94.5980
26070571_tooth.png,84,37.3956,95.5993
26070571_tooth.png,85,37.5003,96.6028
26070571_tooth.png,86,37.6153,97.6083
26070571_tooth.png,87,37.7407,98.6161
26070571_tooth.png,88,37.8767,99.6261
26070571_tooth.png,89,38.0237,100.6384
26070571_tooth.png,90,38.1818,101.6532
26070571_tooth.png,91,38.3512,102.6704
26070571_tooth.png,92,38.5323,103.6902
26070571_tooth.png,93,38.7251,104.7127
26070571_tooth.png,94,38.9301,105.7378
26070571_tooth.png,95,39.1474,106.7658
26070571_tooth.png,96,39.3772,107.7965
26070571_tooth.png,97,39.6197,108.8302
26070571_tooth.png,98,39.8753,109.8669
26070571_tooth.png,99,40.1442,110.9067
26070571_tooth.png,100,40.4265,111.9496
26070571_tooth.png,101,40.7226,112.9957
new_tooth.png,0,43.4868,34.2547
new_tooth.png,1,43.1110,35.1639
new_tooth.png,2,42.7536,36.0785
new_tooth.png,3,42.4140,36.9985
new_tooth.png,4,42.0919,37.9236
new_tooth.png,5,41.7869,38.8539
new_tooth.png,6,41.4985,39.7891
new_tooth.png,7,41.2262,40.7292
new_tooth.png,8,40.9696,41.6740
new_tooth.png,9,40.7284,42.6234
new_tooth.png,10,40.5020,43.5773
new_tooth.png,11,40.2900,44.5355
new_tooth.png,12,40.0920,45.4980
new_tooth.png,13,39.9075,46.4645
new_tooth.png,14,39.7361,47.4350
new_tooth.png,15,39.5774,48.4094
new_tooth.png,16,39.4309,49.3876
new_tooth.png,17,39.2962,50.3693
new_tooth.png,18,39.1728,51.3545
new_tooth.png,19,39.0604,52.3431
new_tooth.png,20,38.9585,53.3349
new_tooth.png,21,38.8666,54.3299
new_tooth.png,22,38.7843,55.3278
new_tooth.png,23,38.7111,56.3286
new_tooth.png,24,38.6467,57.3322
new_tooth.png,25,38.5906,58.3383
new_tooth.png,26,38.5423,59.3470
new_tooth.png,27,38.5015,60.3580
new_tooth.png,28,38.4676,61.3713
new_tooth.png,29,38.4403,62.3867
new_tooth.png,30,38.4191,63.4042
new_tooth.png,31,38.4035,64.4235
new_tooth.png,32,38.3932,65.4445
new_tooth.png,33,38.3877,66.4672
new_tooth.png,34,38.3865,67.4914
new_tooth.png,35,38.3893,68.5170
new_tooth.png,36,38.3955,69.5439
new_tooth.png,37,38.4048,70.5719
new_tooth.png,38,38.4167,71.6009
new_tooth.png,39,38.4308,72.6308
new_tooth.png,40,38.4466,73.6615
new_tooth.png,41,38.4637,74.6928
new_tooth.png,42,38.4816,75.7246
new_tooth.png,43,38.5000,76.7569
new_tooth.png,44,38.5183,77.7894
new_tooth.png,45,38.5363,78.8220
new_tooth.png,46,38.5533,79.8547
new_tooth.png,47,38.5690,80.8873
new_tooth.png,48,38.5829,81.9197
new_tooth.png,49,38.5946,82.9517
new_tooth.png,50,38.6037,83.9833
new_tooth.png,51,38.6097,85.0143
new_tooth.png,52,38.6122,86.0445
new_tooth.png,53,38.6107,87.0740
new_tooth.png,54,38.6049,88.1024
new_tooth.png,55,38.5942,89.1298
new_tooth.png,56,38.5783,90.1560
new_tooth.png,57,38.5566,91.1808
new_tooth.png,58,38.5289,92.2042
new_tooth.png,59,38.4945,93.2260
new_tooth.png,60,38.4532,94.2461
new_tooth.png,61,38.4043,95.2644
new_tooth.png,62,38.3477,96.2807
new_tooth.png,63,38.2826,97.2950
new_tooth.png,64,38.2089,98.3071
new_tooth.png,65,38.1259,99.3168
new_tooth.png,66,38.0333,100.3241
new_tooth.png,67,37.9306,101.3289
new_tooth.png,68,37.8174,102.3309
new_tooth.png,69,37.6933,103.3302
new_tooth.png,70,37.5578,104.3265
new_tooth.png,71,37.4104,105.3197
new_tooth.png,72,37.2508,106.3098
new_tooth.png,73,37.0785,107.2965
new_tooth.png,74,36.8931,108.2798
new_tooth.png,75,36.6941,109.2596
new_tooth.png,76,36.4811,110.2357
new_tooth.png,77,36.2536,111.2080
new_tooth.png,78,36.0113,112.1763
new_tooth.png,79,35.7536,113.1406
new_tooth.png,80,35.4802,114.1008
new_tooth.png,81,35.1906,115.0566
new_tooth.png,82,34.8844,116.0080
new_tooth.png,83,34.5611,116.9549
new_tooth.png,84,34.2203,117.8971
new_tooth.png,85,33.8615,118.8346
new_tooth.png,86,33.4844,119.7671
new_tooth.png,87,33.0884,120.6945
new_tooth.png,88,32.6732,121.6169
new_tooth.png,89,32.2383,122.5339
new_tooth.png,90,31.7833,123.4455
new_tooth.png,91,31.3077,124.3516
new_tooth.png,92,30.8111,125.2521
