image_name,midline_detected,midline_length_px,point_count
2402-1701_tooth.png,True,98.0454,103
2402-1701_tooth_2.png,True,75.6658,76
2402-1701_tooth_4.png,False,4.2917,5
24021701_tooth.png,True,109.6030,109
24100639_tooth.png,False,0.0000,0
25101444_tooth.png,True,202.0401,206
25120477_tooth.png,True,124.6976,126
26020252_tooth.png,True,46.5661,46
26020433_tooth.png,True,65.5156,65
26020854_tooth.png,False,11.0987,12
2603-0501_tooth.png,True,16.0560,17
26030375_tooth.png,True,91.5288,93
26030501_tooth.png,False,5.3743,6
26031506_tooth.png,True,66.0466,67
26031615_tooth.png,True,70.6358,71
26031779_tooth.png,True,37.6941,39
26031782-1_tooth.png,False,9.0000,10
26031782_tooth.png,True,42.7251,42
26031826_tooth.png,False,9.9866,10
26040182_tooth.png,True,27.2744,28
26040460_tooth.png,False,0.0000,0
26040832_tooth.png,True,51.9174,52
26041073_tooth.png,True,72.0874,73
26041241_tooth.png,True,26.8410,28
26041293_tooth.png,True,36.3879,37
26041394_tooth.png,True,50.8124,57
26041442_tooth.png,True,86.1047,86
26050235_tooth.png,True,88.1087,87
26050330_tooth.png,True,74.4318,79
26050586_tooth.png,False,19.5411,20
26061142_tooth.png,True,64.4006,65
26070571_tooth.png,True,102.1638,102
new_tooth.png,True,92.8603,93
