filename,marker_start_x,marker_start_y,marker_end_x,marker_end_y,marker_length_pixels,mm_per_pixel,aspect_ratio,extent,solidity,rectangularity,straightness,candidate_area,bounding_box_width,bounding_box_height,confidence_score,marker_detected,calibration_status
14429-kumarimenike.jpg,,,,,,,3.8,0.3678,0.6347,0.4041,0.4013,314.5,15,57,0.4993,False,"Failed validation: right-border proximity, straightness, shape consistency, confidence"
14441-chandrika.jpg,,,,,,,5.2016,0.1572,0.3135,0.1588,0.8064,12575.5,124,645,0.7582,False,Failed validation: shape consistency
14707-jayawicrama.m.t.c.m1.jpg,,,,,,,6.6158,0.3209,0.323,0.323,0.6116,66513.0,177,1171,0.659,False,Failed validation: shape consistency
187-sarath-p-g.jpg,,,,,,,3.7897,0.24,0.2413,0.2413,0.2582,49380.5,233,883,0.4914,False,"Failed validation: straightness, shape consistency, confidence"
20-u.abeykoon.jpg,,,,,,,4.6723,0.4935,0.5307,0.4969,0.2689,72240.5,177,827,0.6799,False,"Failed validation: straightness, shape consistency"
274-25-achala-keerthi.jpg,,,,,,,6.5932,0.4866,0.4898,0.4898,0.511,100511.5,177,1167,0.6633,False,Failed validation: shape consistency
364-r.m.w.rathnayake.jpg,,,,,,,4.7401,0.3465,0.481,0.3489,0.4615,51463.0,177,839,0.7031,False,"Failed validation: straightness, shape consistency"
395-25-g.n.s.gamage.jpg,,,,,,,5.6554,0.661,0.6985,0.6654,0.4438,117108.5,177,1001,0.722,False,Failed validation: straightness
408-l.r.k..kumuduni01.jpg,,,,,,,5.4407,0.4008,0.4166,0.4035,0.5037,68313.0,177,963,0.7093,False,Failed validation: shape consistency
528-malshan-jayasena.jpg,,,,,,,5.0169,0.3513,0.4434,0.3537,0.4833,55221.0,177,888,0.7146,False,"Failed validation: straightness, shape consistency"
531-malshan-jayasena-25.jpg,,,,,,,6.5932,0.4853,0.4885,0.4885,0.4647,100252.0,177,1167,0.6537,False,"Failed validation: straightness, shape consistency"
556-nethmi-dewmini2.jpg,,,,,,,6.5932,0.3252,0.3273,0.3273,0.5363,67172.5,177,1167,0.644,False,Failed validation: shape consistency
66-s-a-i-priyadarshani.jpg,,,,,,,11.1111,0.2456,0.6369,0.5574,0.9829,221.0,9,100,0.7937,False,Failed validation: shape consistency
7027-sujeewani-h.m..jpg,,,,,,,4.9379,0.8337,0.864,0.8394,0.0977,128968.5,177,874,0.7045,False,Failed validation: straightness
7075-asela-chathuranga.jpg,,,,,,,4.5161,0.6078,0.8796,0.6777,0.1469,2638.0,31,140,0.5322,False,"Failed validation: right-border proximity, straightness, confidence"
7172-26-prema-tharangani.jpg,,,,,,,3.8531,0.7022,0.8649,0.7072,0.0,84767.5,177,682,0.639,False,Failed validation: straightness
7232-p.darshani.jpg,,,,,,,4.8927,0.6383,0.8079,0.6426,0.2795,97833.0,177,866,0.7165,False,Failed validation: straightness
7238-a.k.m.fawzan.jpg,,,,,,,4.5763,0.2102,0.3973,0.2117,0.7205,30138.0,177,810,0.7312,False,Failed validation: shape consistency
7239-manjularathna.jpg,,,,,,,4.8531,0.37,0.4977,0.3726,0.4366,56263.5,177,859,0.7044,False,"Failed validation: straightness, shape consistency"
735-rasika---damayanthi.jpg,,,,,,,6.5932,0.5404,0.5439,0.5439,0.4956,111621.0,177,1167,0.6683,False,"Failed validation: straightness, shape consistency"
736-prabodha---madubhasha.jpg,,,,,,,6.6136,0.3329,0.3351,0.3351,0.5641,68196.0,176,1164,0.6513,False,Failed validation: shape consistency
7374-premalal.jpg,,,,,,,3.9774,0.3937,0.7764,0.3965,0.4622,49053.0,177,704,0.698,False,"Failed validation: straightness, shape consistency"
7393-ekanayaka-44.jpg,,,,,,,2.7062,0.2691,0.5326,0.2711,0.3057,22811.0,177,479,0.6017,False,"Failed validation: aspect ratio, straightness, shape consistency"
7459-navodya.jpg,,,,,,,8.0,0.2119,0.4949,0.3837,0.9393,169.5,10,80,0.8102,False,Failed validation: shape consistency
7462-l.-rathnayake.jpg,883.0,452.0,882.0,531.0,79.01,0.1266,13.3333,0.5667,0.8318,0.6886,0.8011,272.0,6,80,0.8961,True,Success
7464-rathnayake-r.m..jpg,,,,,,,5.4407,0.5457,0.7192,0.5493,0.3539,93011.5,177,963,0.7051,False,Failed validation: straightness
7474-aththanayake-52.jpg,,,,,,,24.0,0.6888,0.9363,0.9281,0.9359,264.5,4,96,0.8148,False,Failed validation: right-border proximity
7511-n.liyanage-2.jpg,,,,,,,4.7571,0.5924,0.6065,0.5965,0.2315,88291.0,177,842,0.6886,False,"Failed validation: straightness, shape consistency"
7516-tharindu-sanjeewa.jpg,,,,,,,4.6497,0.8221,0.8364,0.8278,0.0143,119753.0,177,823,0.6766,False,Failed validation: straightness
7553-tikiri-banda.jpg,,,,,,,8.625,0.3967,0.6528,0.5564,0.7992,219.0,8,69,0.7075,False,"Failed validation: right-border proximity, sufficient length, shape consistency"
7565-koin-manike-(2).jpg,,,,,,,4.6215,0.3423,0.5924,0.3446,0.5642,49553.5,177,818,0.7238,False,Failed validation: shape consistency
7602-premachandra-2.jpg,,,,,,,6.1429,0.3164,0.4977,0.3448,0.5659,381.0,14,86,0.7546,False,Failed validation: shape consistency
7760-p.a.d.t.kumara-1.jpg,,,,,,,10.75,0.3735,0.5775,0.4677,0.8822,257.0,8,86,0.7474,False,"Failed validation: right-border proximity, shape consistency"
7781-dr.geetha.jpg,,,,,,,14.2,0.2202,0.3968,0.2326,1.0,1250.5,20,284,0.8924,False,Failed validation: shape consistency
7816-udeni-priyangika.jpg,,,,,,,5.226,0.1422,0.2726,0.1431,0.7678,23275.5,177,925,0.7463,False,Failed validation: shape consistency
7820-nuha-m-r-f.jpg,,,,,,,4.7119,0.1758,0.3305,0.1771,0.7123,25957.5,177,834,0.7272,False,Failed validation: shape consistency
7887-bandaramanike---77y.jpg,,,,,,,6.5932,0.793,0.7982,0.7982,0.3161,163802.5,177,1167,0.6704,False,Failed validation: straightness
7976-rev.saddhananda-thero.jpg,,,,,,,8.5,0.5458,0.801,0.716,0.6785,167.0,6,51,0.7035,False,"Failed validation: right-border proximity, sufficient length"
7979-s.premathilaka.jpg,,,,,,,6.5932,0.559,0.5627,0.5627,0.4801,115466.5,177,1167,0.6678,False,"Failed validation: straightness, shape consistency"
8035-sampath-jayasundara.jpg,,,,,,,6.5932,0.6719,0.6763,0.6763,0.4564,138793.0,177,1167,0.6802,False,Failed validation: straightness
8043-achini-nisansala-(2).jpg,,,,,,,10.8,0.4037,0.7315,0.5848,0.8702,109.0,5,54,0.7771,False,Failed validation: shape consistency
8097-shanika-dilrushi.jpg,,,,,,,10.6667,0.3815,0.6117,0.4651,0.849,146.5,6,64,0.8537,False,"Failed validation: sufficient length, shape consistency"
8134-t.m.c.k.thennakoon.jpg,,,,,,,13.75,0.5898,0.8034,0.6802,0.8328,519.0,8,110,0.7702,False,Failed validation: right-border proximity
8260-kalaipriya.jpg,,,,,,,4.3164,0.4111,0.6112,0.414,0.4858,55590.5,177,764,0.7068,False,"Failed validation: straightness, shape consistency"
8324-amodya-senevirathna.jpg,,,,,,,43.1818,0.4389,0.5725,0.4838,1.0,2293.0,11,475,0.9248,False,Failed validation: shape consistency
8330-kumari.k.t.--46y.jpg,,,,,,,3.1744,0.2117,0.4221,0.2131,0.511,25553.5,195,619,0.6475,False,Failed validation: shape consistency
8332-amodya-sewmini.jpg,884.0,796.0,884.0,903.0,107.0,0.0935,54.0,0.4954,1.0,1.0,1.0,107.0,2,108,0.9748,True,Success
8371-w.walisingha.jpg,1144.0,531.0,1142.0,591.0,60.06,0.1665,12.2,0.4984,0.8128,0.6862,0.8462,152.0,5,61,0.8066,True,Success
L1.jpg,,,,,,,4.1667,0.277,0.6661,0.5223,0.682,374.0,18,75,0.6773,False,Failed validation: shape consistency
L10.jpg,884.0,214.0,884.0,327.0,113.0,0.0885,57.0,0.4956,1.0,1.0,1.0,113.0,2,114,0.9748,True,Success
L11.jpg,,,,,,,4.7684,0.6716,0.6982,0.6762,0.2837,100331.5,177,844,0.712,False,Failed validation: straightness
L12.jpg,,,,,,,14.6429,0.5487,0.6557,0.563,0.8625,14173.0,42,615,0.9108,False,Failed validation: shape consistency
L13.jpg,,,,,,,4.5161,0.6078,0.8796,0.6777,0.1469,2638.0,31,140,0.5322,False,"Failed validation: right-border proximity, straightness, confidence"
L14.jpg,,,,,,,5.1243,0.1307,0.2501,0.1316,0.6505,20987.0,177,907,0.7184,False,Failed validation: shape consistency
L15.jpg,,,,,,,5.4011,0.7799,0.8474,0.7852,0.2727,131969.0,177,956,0.728,False,Failed validation: straightness
L16.jpg,,,,,,,14.1538,0.2301,0.6291,0.5866,1.0,550.5,13,184,0.8148,False,Failed validation: shape consistency
L17.jpg,,,,,,,7.5,0.306,0.704,0.6345,0.8507,229.5,10,75,0.7365,False,"Failed validation: right-border proximity, shape consistency"
L18.jpg,,,,,,,4.8079,0.9023,0.9269,0.9085,0.1119,135914.0,177,851,0.7135,False,Failed validation: straightness
L19.jpg,,,,,,,4.1921,0.7135,0.7492,0.7185,0.1155,93703.0,177,742,0.6678,False,Failed validation: straightness
L2.jpg,,,,,,,15.5,0.5202,0.8296,0.7049,0.8992,129.0,4,62,0.7221,False,"Failed validation: right-border proximity, sufficient length"
L20.jpg,,,,,,,17.0,0.2719,0.5458,0.3535,1.0,226.5,7,119,0.9085,False,Failed validation: shape consistency
L21.jpg,,,,,,,3.7863,0.1999,0.201,0.201,0.2273,41439.0,234,886,0.4791,False,"Failed validation: straightness, shape consistency, confidence"
L22.jpg,,,,,,,5.3616,0.2418,0.34,0.2434,0.6081,40608.0,177,949,0.7199,False,Failed validation: shape consistency
L23.jpg,,,,,,,3.9333,0.1966,0.5133,0.4048,0.7816,174.0,15,59,0.5802,False,"Failed validation: right-border proximity, shape consistency"
L24.jpg,,,,,,,14.6667,0.3927,0.5221,0.4451,0.9403,466.5,9,132,0.7561,False,"Failed validation: right-border proximity, shape consistency"
L25.jpg,,,,,,,3.2727,0.4186,0.7855,0.6061,0.2587,663.0,22,72,0.495,False,"Failed validation: right-border proximity, straightness, confidence"
L26.jpg,,,,,,,11.2857,0.3056,0.5374,0.4009,0.9301,169.0,7,79,0.7912,False,Failed validation: shape consistency
L27.jpg,,,,,,,5.5,0.5009,0.6467,0.5669,0.4571,275.5,10,55,0.5736,False,"Failed validation: right-border proximity, straightness, shape consistency, confidence"
L28.jpeg,,,,,,,16.2143,0.203,0.6277,0.5202,1.0,645.0,14,227,0.8777,False,Failed validation: shape consistency
L29.jpg,1141.0,179.0,1142.0,270.0,91.05,0.1098,18.4,0.4935,0.7529,0.6409,0.949,227.0,5,92,0.8188,True,Success
L3.jpg,,,,,,,5.5537,0.1354,0.256,0.1363,0.8026,23558.5,177,983,0.7243,False,Failed validation: shape consistency
L30.jpeg,,,,,,,6.6534,0.7001,0.7047,0.7047,0.385,144292.5,176,1171,0.6719,False,Failed validation: straightness
L31.jpeg,,,,,,,6.6158,0.3317,0.3338,0.3338,0.5317,68744.0,177,1171,0.6447,False,Failed validation: shape consistency
L32.jpg,,,,,,,10.7143,0.5505,0.741,0.651,0.7687,289.0,7,75,0.7256,False,Failed validation: right-border proximity
L33.jpg,,,,,,,12.2,0.423,0.7268,0.6259,0.89,129.0,5,61,0.7958,False,Failed validation: shape consistency
L34.jpg,,,,,,,16.2143,0.203,0.6277,0.5202,1.0,645.0,14,227,0.8777,False,Failed validation: shape consistency
L35.jpg,,,,,,,5.3,0.4585,0.6568,0.5599,0.5056,243.0,10,53,0.5719,False,"Failed validation: right-border proximity, sufficient length, shape consistency, confidence"
L36.jpg,,,,,,,5.1751,0.3015,0.4893,0.3035,0.5494,48875.5,177,916,0.7284,False,Failed validation: shape consistency
L37.jpg,,,,,,,6.8182,0.32,0.6957,0.5844,0.8079,264.0,11,75,0.7053,False,"Failed validation: right-border proximity, shape consistency"
L4.jpg,,,,,,,6.5932,0.3346,0.3368,0.3368,0.6442,69121.5,177,1167,0.6671,False,Failed validation: shape consistency
L5.jpg,,,,,,,6.5932,0.6415,0.6457,0.6457,0.3535,132512.5,177,1167,0.655,False,Failed validation: straightness
L6.jpg,,,,,,,12.5319,0.4689,0.6909,0.4799,0.8619,12980.0,47,589,0.7542,False,"Failed validation: right-border proximity, shape consistency"
L7.jpg,,,,,,,4.5055,0.7534,0.8295,0.7567,0.18,252971.0,273,1230,0.6953,False,Failed validation: straightness
L8.jpg,,,,,,,6.6136,0.3032,0.3052,0.3052,0.614,62113.5,176,1164,0.6568,False,Failed validation: shape consistency
L9.jpg,,,,,,,4.9261,0.5976,0.6836,0.6017,0.2248,91185.0,176,867,0.6967,False,Failed validation: straightness
