image_name,scale_start_x,scale_start_y,scale_end_x,scale_end_y,scale_pixels,known_scale_mm,mm_per_pixel
14429-kumarimenike.jpg,1160.46,303.29,1159.29,586.67,283.38,10.0,0.0353
14441-chandrika.jpg,1153.35,301.74,1153.35,587.16,285.42,10.0,0.035
14707-jayawicrama.m.t.c.m1.jpg,878.25,444.98,877.08,728.36,283.38,10.0,0.0353
187-sarath-p-g.jpg,1157.49,301.34,1156.32,584.0,282.66,10.0,0.0354
20-u.abeykoon.jpg,877.58,443.46,877.58,727.04,283.58,10.0,0.0353
274-25-achala-keerthi.jpg,876.42,443.46,877.58,728.21,284.75,10.0,0.0351
364-r.m.w.rathnayake.jpg,877.58,443.46,877.58,728.21,284.75,10.0,0.0351
395-25-g.n.s.gamage.jpg,878.75,443.46,875.25,728.21,284.77,10.0,0.0351
408-l.r.k..kumuduni01.jpg,877.58,443.46,878.75,727.04,283.58,10.0,0.0353
528-malshan-jayasena.jpg,878.75,443.46,877.58,728.21,284.75,10.0,0.0351
531-malshan-jayasena-25.jpg,877.58,443.46,879.92,727.04,283.59,10.0,0.0353
556-nethmi-dewmini2.jpg,879.92,443.46,877.58,728.21,284.76,10.0,0.0351
66-s-a-i-priyadarshani.jpg,1154.51,300.57,1154.51,584.83,284.26,10.0,0.0352
7027-sujeewani-h.m..jpg,877.58,443.46,875.25,727.04,283.59,10.0,0.0353
7075-asela-chathuranga.jpg,1155.15,303.68,1156.32,588.67,284.99,10.0,0.0351
7172-26-prema-tharangani.jpg,878.75,444.63,875.25,724.71,280.1,10.0,0.0357
7232-p.darshani.jpg,875.25,443.46,875.25,727.04,283.58,10.0,0.0353
7238-a.k.m.fawzan.jpg,878.75,444.63,878.75,728.21,283.58,10.0,0.0353
7239-manjularathna.jpg,877.58,443.46,877.58,728.21,284.75,10.0,0.0351
735-rasika---damayanthi.jpg,877.58,443.46,878.75,728.21,284.75,10.0,0.0351
736-prabodha---madubhasha.jpg,877.66,442.32,875.33,726.34,284.03,10.0,0.0352
7374-premalal.jpg,878.25,444.98,878.25,730.7,285.72,10.0,0.035
7393-ekanayaka-44.jpg,879.92,443.46,879.92,727.04,283.58,10.0,0.0353
7459-navodya.jpg,1157.49,300.18,1156.32,586.34,286.16,10.0,0.0349
7462-l.-rathnayake.jpg,879.92,443.46,879.92,728.21,284.75,10.0,0.0351
7464-rathnayake-r.m..jpg,876.42,442.29,878.75,728.21,285.92,10.0,0.035
7474-aththanayake-52.jpg,872.92,443.46,875.25,728.21,284.76,10.0,0.0351
7511-n.liyanage-2.jpg,875.25,442.29,877.58,728.21,285.92,10.0,0.035
7516-tharindu-sanjeewa.jpg,877.58,443.46,878.75,727.04,283.58,10.0,0.0353
7553-tikiri-banda.jpg,878.75,443.46,876.42,728.21,284.76,10.0,0.0351
7565-koin-manike-(2).jpg,877.58,443.46,876.42,728.21,284.75,10.0,0.0351
7602-premachandra-2.jpg,876.42,443.46,875.25,727.04,283.58,10.0,0.0353
7760-p.a.d.t.kumara-1.jpg,1159.29,302.12,1159.29,587.84,285.72,10.0,0.035
7781-dr.geetha.jpg,878.75,442.29,877.58,725.87,283.58,10.0,0.0353
7816-udeni-priyangika.jpg,876.42,443.46,878.75,728.21,284.76,10.0,0.0351
7820-nuha-m-r-f.jpg,876.42,444.63,878.75,729.38,284.76,10.0,0.0351
7887-bandaramanike---77y.jpg,877.58,443.46,876.42,727.04,283.58,10.0,0.0353
7976-rev.saddhananda-thero.jpg,1159.29,303.29,1152.26,589.01,285.81,10.0,0.035
7979-s.premathilaka.jpg,878.75,442.29,879.92,728.21,285.92,10.0,0.035
8035-sampath-jayasundara.jpg,879.92,442.29,877.58,728.21,285.92,10.0,0.035
8043-achini-nisansala-(2).jpg,1158.66,300.18,1159.82,584.0,283.83,10.0,0.0352
8097-shanika-dilrushi.jpg,878.75,442.29,875.25,728.21,285.94,10.0,0.035
8134-t.m.c.k.thennakoon.jpg,876.42,443.46,877.58,728.21,284.75,10.0,0.0351
8260-kalaipriya.jpg,878.75,443.46,875.25,724.71,281.27,10.0,0.0356
8324-amodya-senevirathna.jpg,876.42,443.46,875.25,728.21,284.75,10.0,0.0351
8330-kumari.k.t.--46y.jpg,1157.49,304.85,1157.49,587.5,282.66,10.0,0.0354
8332-amodya-sewmini.jpg,879.92,443.46,879.92,728.21,284.75,10.0,0.0351
8371-w.walisingha.jpg,1160.99,302.51,1157.49,585.17,282.68,10.0,0.0354
L1.jpg,583.16,12.88,298.61,10.54,284.56,10.0,0.0351
L10.jpg,877.58,443.46,878.75,727.04,283.58,10.0,0.0353
L11.jpg,879.92,443.46,881.09,728.21,284.75,10.0,0.0351
L12.jpg,874.0,441.0,878.0,728.0,287.03,10.0,0.0348
L13.jpg,1156.32,303.68,1156.32,586.34,282.66,10.0,0.0354
L14.jpg,874.08,443.46,877.58,728.21,284.77,10.0,0.0351
L15.jpg,875.25,443.46,875.25,728.21,284.75,10.0,0.0351
L16.jpg,867.71,444.98,867.71,729.53,284.55,10.0,0.0351
L17.jpg,1155.78,304.46,1159.29,589.01,284.57,10.0,0.0351
L18.jpg,875.25,444.63,879.92,728.21,283.62,10.0,0.0353
L19.jpg,876.42,443.46,875.25,727.04,283.58,10.0,0.0353
L2.jpg,1343.34,630.17,1347.95,912.98,282.85,10.0,0.0354
L20.jpg,875.25,443.46,879.92,728.21,284.79,10.0,0.0351
L21.jpg,1159.29,304.46,1161.63,587.84,283.39,10.0,0.0353
L22.jpg,877.58,443.46,879.92,725.87,282.42,10.0,0.0354
L23.jpg,876.0,442.0,874.0,727.0,285.01,10.0,0.0351
L24.jpg,1159.29,304.46,1159.29,587.84,283.38,10.0,0.0353
L25.jpg,1156.32,303.68,1160.99,584.0,280.36,10.0,0.0357
L26.jpg,1154.61,300.95,1158.12,587.84,286.92,10.0,0.0349
L27.jpg,1159.29,300.95,1159.29,587.84,286.89,10.0,0.0349
L28.jpeg,875.58,445.39,876.75,727.12,281.73,10.0,0.0355
L29.jpg,1154.61,303.29,1154.61,589.01,285.72,10.0,0.035
L3.jpg,875.25,442.29,877.58,727.04,284.76,10.0,0.0351
L30.jpeg,872.4,442.64,873.57,730.7,288.07,10.0,0.0347
L31.jpeg,877.08,443.81,878.25,729.53,285.73,10.0,0.035
L32.jpg,878.25,442.64,878.25,730.7,288.07,10.0,0.0347
L33.jpg,1159.29,304.46,1159.29,586.67,282.21,10.0,0.0354
L34.jpg,876.75,444.22,876.75,727.12,282.9,10.0,0.0353
L35.jpg,1157.49,302.51,1158.66,588.67,286.16,10.0,0.0349
L36.jpg,874.74,444.98,878.25,728.36,283.4,10.0,0.0353
L37.jpg,789.0,303.0,789.0,588.0,285.0,10.0,0.0351
L4.jpg,875.25,443.46,877.58,728.21,284.76,10.0,0.0351
L5.jpg,877.58,444.63,875.25,727.04,282.42,10.0,0.0354
L6.jpg,1156.32,299.01,1155.15,585.17,286.16,10.0,0.0349
L7.jpg,1356.71,625.46,1353.64,910.6,285.15,10.0,0.0351
L8.jpg,873.0,441.16,873.0,727.5,286.34,10.0,0.0349
L9.jpg,874.08,444.63,876.42,725.87,281.26,10.0,0.0356
L39.jpg,878.75,443.46,876.42,728.21,284.76,10.0,0.0351
L40.jpg,1153.35,301.74,1153.35,586.0,284.26,10.0,0.0352
L41.jpg,1158.66,301.34,1158.66,586.34,284.99,10.0,0.0351
L42.jpg,877.58,444.63,878.75,727.04,282.42,10.0,0.0354
L43.jpg,875.25,442.29,875.25,728.21,285.92,10.0,0.035
L44.jpg,875.25,442.29,877.58,729.38,287.09,10.0,0.0348
L45.jpg,875.25,442.29,875.25,727.04,284.75,10.0,0.0351
L46.jpg,875.25,443.46,875.25,728.21,284.75,10.0,0.0351
L47.jpg,1153.98,303.68,1156.32,588.67,285.0,10.0,0.0351
L48.jpg,876.42,443.46,876.42,725.87,282.41,10.0,0.0354
L49.jpg,874.08,443.46,872.92,728.21,284.75,10.0,0.0351
L50.jpg,875.91,444.98,873.57,729.53,284.56,10.0,0.0351
L51.jpg,870.58,443.46,875.25,725.87,282.45,10.0,0.0354
L52.jpg,872.92,442.29,876.42,728.21,285.94,10.0,0.035
L53.jpg,873.0,304.0,875.0,590.0,286.01,10.0,0.035
L54.jpg,876.42,444.63,877.58,728.21,283.58,10.0,0.0353
L55.jpg,1154.61,304.46,1159.29,587.84,283.42,10.0,0.0353
L56.jpg,1159.29,302.12,1160.46,586.67,284.56,10.0,0.0351
L57.jpg,875.25,443.46,875.25,727.04,283.58,10.0,0.0353
L58.jpg,878.75,443.46,875.25,728.21,284.77,10.0,0.0351
L59.jpg,872.92,443.46,878.75,728.21,284.81,10.0,0.0351
L60.jpg,877.58,443.46,876.42,728.21,284.75,10.0,0.0351
L61.jpg,1153.35,302.9,1153.35,587.16,284.26,10.0,0.0352
L62.jpg,874.74,443.81,878.25,730.7,286.92,10.0,0.0349
L63.jpg,876.42,443.46,874.08,728.21,284.76,10.0,0.0351
L64.jpg,1156.32,300.18,1157.49,585.17,284.99,10.0,0.0351
LN1.jpg,877.58,442.29,879.92,728.21,285.92,10.0,0.035
LN10.jpg,876.42,444.63,878.75,728.21,283.59,10.0,0.0353
LN11.jpg,877.58,443.46,877.58,727.04,283.58,10.0,0.0353
LN12.jpg,875.25,443.46,879.92,728.21,284.79,10.0,0.0351
LN13.jpg,875.25,441.13,876.42,727.04,285.92,10.0,0.035
LN14.jpg,1158.12,304.46,1160.46,587.84,283.39,10.0,0.0353
LN2.jpg,875.25,443.46,877.58,728.21,284.76,10.0,0.0351
LN3.jpg,874.08,443.46,878.75,730.54,287.12,10.0,0.0348
LN4.jpg,1158.12,300.95,1158.12,587.84,286.89,10.0,0.0349
LN5.jpg,871.22,444.98,875.91,730.7,285.76,10.0,0.035
LN6.jpg,873.0,442.32,873.0,727.5,285.18,10.0,0.0351
LN7.jpg,872.92,443.46,877.58,728.21,284.79,10.0,0.0351
LN8.jpg,876.42,443.46,877.58,728.21,284.75,10.0,0.0351
LN9.jpg,871.75,442.29,875.25,728.21,285.94,10.0,0.035
