image_name,predicted_wl_mm,apical_diameter_px
2402-1701_tooth.png,21.91954018385714,2.25
2402-1701_tooth_2.png,21.394715026486004,8.5
24021701_tooth.png,22.190578059370228,6.0
25101444_tooth.png,24.35832527354884,11.0
25120477_tooth.png,22.544562304864087,7.0
26020252_tooth.png,20.712296456361745,5.0
26020433_tooth.png,21.156682161182403,9.0
2603-0501_tooth.png,19.9968025228728,7.0
26030375_tooth.png,21.766719060131752,6.0
26031506_tooth.png,21.1691346696528,3.0
26031615_tooth.png,21.27675623626737,8.75
26031779_tooth.png,20.50423872538368,4.25
26031782_tooth.png,20.62222096665404,6.0
26040182_tooth.png,20.259885801637942,4.0
26040832_tooth.png,20.83779006950229,0.875
26041073_tooth.png,21.31079778296348,5.25
26041241_tooth.png,20.24972211581672,7.0
26041293_tooth.png,20.473606961609608,8.0
26041394_tooth.png,20.811876657336967,12.0
26041442_tooth.png,21.639518210425017,6.25
26050235_tooth.png,21.686514118098604,6.25
26050330_tooth.png,21.36577642864708,5.0
26061142_tooth.png,21.13053423849974,6.25
26070571_tooth.png,22.01612099531567,3.25
new_tooth.png,21.79794413551468,5.75
